district,tehsil,block,panchayat,old_age,widow,disability,total
Almora,Almora,BHAISIACHHANA,ALISUPYAL,58,20,14,92
Almora,Almora,BHAISIACHHANA,BABURIYA NAYAL,34,11,5,50
Almora,Almora,BHAISIACHHANA,BAMANTILARI,26,2,11,39
Almora,Almora,BHAISIACHHANA,BAUDA,48,20,8,76
Almora,Almora,BHAISIACHHANA,BELWAAL GAON,1,1,,2
Almora,Almora,BHAISIACHHANA,BHAISIYACHHANA,108,42,21,171
Almora,Almora,BHAISIACHHANA,BHAISIYACHHANA BLANK,11,4,1,16
Almora,Almora,BHAISIACHHANA,BHETABADIYA,46,15,13,74
Almora,Almora,BHAISIACHHANA,BUNGA,67,17,9,93
Almora,Almora,BHAISIACHHANA,CHANAULI,27,10,5,42
Almora,Almora,BHAISIACHHANA,CHHANI,31,11,8,50
Almora,Almora,BHAISIACHHANA,DAHULNELI,42,11,11,64
Almora,Almora,BHAISIACHHANA,DALAKOT,37,11,12,60
Almora,Almora,BHAISIACHHANA,DASHAUN,53,16,10,79
Almora,Almora,BHAISIACHHANA,DEWDA,46,16,9,71
Almora,Almora,BHAISIACHHANA,DIGOLI,46,18,5,69
Almora,Almora,BHAISIACHHANA,DIYARI,87,21,12,120
Almora,Almora,BHAISIACHHANA,DUNGARLEKH,52,7,16,75
Almora,Almora,BHAISIACHHANA,DUNGRI,81,21,16,118
Almora,Almora,BHAISIACHHANA,GHUNYOLI,5,,,5
Almora,Almora,BHAISIACHHANA,HARADA,60,19,7,86
Almora,Almora,BHAISIACHHANA,HATAULA,60,14,10,84
Almora,Almora,BHAISIACHHANA,JINGAL,44,7,7,58
Almora,Almora,BHAISIACHHANA,JOGYUDA,35,9,9,53
Almora,Almora,BHAISIACHHANA,KALAUN,21,9,5,35
Almora,Almora,BHAISIACHHANA,KANCHULA,69,27,12,108
Almora,Almora,BHAISIACHHANA,KHANKARI,71,15,25,111
Almora,Almora,BHAISIACHHANA,KHASATILARI,51,19,20,90
Almora,Almora,BHAISIACHHANA,KUMOLI,70,22,10,102
Almora,Almora,BHAISIACHHANA,KUNJARTODA,19,6,3,28
Almora,Almora,BHAISIACHHANA,KUNJBARGAL,8,6,9,23
Almora,Almora,BHAISIACHHANA,KUNJKIMOLA,49,19,6,74
Almora,Almora,BHAISIACHHANA,LINGURTA,116,46,19,181
Almora,Almora,BHAISIACHHANA,MALLI DHONI,4,,,4
Almora,Almora,BHAISIACHHANA,NAIDI,33,11,25,69
Almora,Almora,BHAISIACHHANA,NAINIGONTH,13,1,,14
Almora,Almora,BHAISIACHHANA,NALI MALLI,99,28,11,138
Almora,Almora,BHAISIACHHANA,NALI TALLI,44,13,11,68
Almora,Almora,BHAISIACHHANA,NAUGAON,136,33,23,192
Almora,Almora,BHAISIACHHANA,NAYOLI,62,15,9,86
Almora,Almora,BHAISIACHHANA,PABHYA,44,16,14,74
Almora,Almora,BHAISIACHHANA,PALYU,65,15,10,90
Almora,Almora,BHAISIACHHANA,PANDEYTOLI,25,15,5,45
Almora,Almora,BHAISIACHHANA,PETSHAL,72,29,16,117
Almora,Almora,BHAISIACHHANA,POONAKOT,43,13,8,64
Almora,Almora,BHAISIACHHANA,SALLA,55,29,22,106
Almora,Almora,BHAISIACHHANA,SALLA BHATKOT,58,16,7,81
Almora,Almora,BHAISIACHHANA,SALYUDI,47,17,2,66
Almora,Almora,BHAISIACHHANA,SHEEL,20,11,6,37
Almora,Almora,BHAISIACHHANA,SIMKHALYA,18,4,1,23
Almora,Almora,BHAISIACHHANA,SUPAI,60,24,12,96
Almora,Almora,BHAISIACHHANA,THIKALNA,69,17,10,96
Almora,Almora,BHAISIACHHANA,TRINELI,87,15,7,109
Almora,Almora,BHAISIACHHANA,UTIYA,21,9,2,32
Almora,Almora,DHAULADEVI,BAGHAR,31,16,2,49
Almora,Almora,DHAULADEVI,BAMANSWAL,14,7,2,23
Almora,Almora,DHAULADEVI,BANTHOK,12,10,1,23
Almora,Almora,DHAULADEVI,BARTOLI,25,10,6,41
Almora,Almora,DHAULADEVI,BEENA,10,14,4,28
Almora,Almora,DHAULADEVI,CHAMI,,,,0
Almora,Almora,DHAULADEVI,CHAMUWA KHALSA,,,,0
Almora,Almora,DHAULADEVI,CHAURA,,,,0
Almora,Almora,DHAULADEVI,CHIL,1,7,,8
Almora,Almora,DHAULADEVI,CHITAULA,,,,0
Almora,Almora,DHAULADEVI,DANYA,2,15,2,19
Almora,Almora,DHAULADEVI,DASEELI,1,4,,5
Almora,Almora,DHAULADEVI,DASHAULA WADIYAR,1,9,,10
Almora,Almora,DHAULADEVI,DAULIGAR,1,12,,13
Almora,Almora,DHAULADEVI,DHAULADEVI BLANK,,,,0
Almora,Almora,DHAULADEVI,DUNAD,3,13,,16
Almora,Almora,DHAULADEVI,DUNGRA,2,26,1,29
Almora,Almora,DHAULADEVI,GAULI MAHAR,58,21,3,82
Almora,Almora,DHAULADEVI,GHASPAD,2,1,,3
Almora,Almora,DHAULADEVI,GIRCHOLA,22,11,4,37
Almora,Almora,DHAULADEVI,GOLI,1,10,1,12
Almora,Almora,DHAULADEVI,GUNADITYA,,,,0
Almora,Almora,DHAULADEVI,JAJAR,1,6,,7
Almora,Almora,DHAULADEVI,JAKHATEWARI,22,7,2,31
Almora,Almora,DHAULADEVI,JIGOLITOLI,1,9,,10
Almora,Almora,DHAULADEVI,KAPKOT,63,32,7,102
Almora,Almora,DHAULADEVI,KHOLA,,,,0
Almora,Almora,DHAULADEVI,MALADI,39,10,2,51
Almora,Almora,DHAULADEVI,MANIAGAR,42,16,6,64
Almora,Almora,DHAULADEVI,MANU,,,,0
Almora,Almora,DHAULADEVI,NAKOT,31,9,4,44
Almora,Almora,DHAULADEVI,NAUGAON,1,12,,13
Almora,Almora,DHAULADEVI,NAURA,30,13,2,45
Almora,Almora,DHAULADEVI,NAYALDHURA,1,3,,4
Almora,Almora,DHAULADEVI,PADAEE,,,,0
Almora,Almora,DHAULADEVI,SELA,4,7,2,13
Almora,Almora,DHAULADEVI,TOLI,6,1,,7
Almora,Almora,HAWALBAG,ATHARBANI,5,,1,6
Almora,Almora,HAWALBAG,BADGAL RAUTELA,28,6,4,38
Almora,Almora,HAWALBAG,BADGALBHATT,32,14,12,58
Almora,Almora,HAWALBAG,BADYUDA,30,10,6,46
Almora,Almora,HAWALBAG,BAJGAL,19,6,5,30
Almora,Almora,HAWALBAG,BALSA,15,13,7,35
Almora,Almora,HAWALBAG,BALTA,39,28,12,79
Almora,Almora,HAWALBAG,BANGSAR,23,6,1,30
Almora,Almora,HAWALBAG,BARSIMI,23,18,14,55
Almora,Almora,HAWALBAG,BARSIMI-I(LODHIYA),38,23,13,74
Almora,Almora,HAWALBAG,BASAR,52,16,17,85
Almora,Almora,HAWALBAG,BASGAON,42,7,10,59
Almora,Almora,HAWALBAG,BEH,10,14,6,30
Almora,Almora,HAWALBAG,BHANARAGAON,4,6,6,16
Almora,Almora,HAWALBAG,BHATNAYALJULA,25,13,5,43
Almora,Almora,HAWALBAG,BHULYUDA,21,14,6,41
Almora,Almora,HAWALBAG,BIMAULA,41,23,10,74
Almora,Almora,HAWALBAG,BINTOLA,22,16,10,48
Almora,Almora,HAWALBAG,BIRAUDA,24,8,10,42
Almora,Almora,HAWALBAG,CHAMPA,48,23,9,80
Almora,Almora,HAWALBAG,CHAN,33,15,4,52
Almora,Almora,HAWALBAG,CHAUNA,93,21,26,140
Almora,Almora,HAWALBAG,CHAUSALI,64,14,17,95
Almora,Almora,HAWALBAG,CHHANA,6,4,4,14
Almora,Almora,HAWALBAG,CHINONA,47,21,11,79
Almora,Almora,HAWALBAG,CHITAI,10,11,5,26
Almora,Almora,HAWALBAG,CHITAI PANT,20,12,3,35
Almora,Almora,HAWALBAG,DAL,34,18,9,61
Almora,Almora,HAWALBAG,DANGIKHOLA,44,18,13,75
Almora,Almora,HAWALBAG,DARIMKHOLA,11,11,1,23
Almora,Almora,HAWALBAG,DEVLI,28,21,13,62
Almora,Almora,HAWALBAG,DEVLIKHAN,30,20,19,69
Almora,Almora,HAWALBAG,DHAILI,49,12,9,70
Almora,Almora,HAWALBAG,DHAMAS,129,60,23,212
Almora,Almora,HAWALBAG,DHARI,75,27,11,113
Almora,Almora,HAWALBAG,DHATWALGAON,31,9,9,49
Almora,Almora,HAWALBAG,DOBA,37,18,6,61
Almora,Almora,HAWALBAG,DUGALKHOLA,10,8,6,24
Almora,Almora,HAWALBAG,FALSEEMA,54,30,19,103
Almora,Almora,HAWALBAG,GADHOLI,26,16,15,57
Almora,Almora,HAWALBAG,GADWALI,43,20,15,78
Almora,Almora,HAWALBAG,GALLIBASYUDA,72,29,13,114
Almora,Almora,HAWALBAG,GARGOONTH,4,10,3,17
Almora,Almora,HAWALBAG,GHANELI,43,13,14,70
Almora,Almora,HAWALBAG,GHURSAUN,21,8,2,31
Almora,Almora,HAWALBAG,GOLNAKARADIYA,28,24,12,64
Almora,Almora,HAWALBAG,GURNA,59,19,19,97
Almora,Almora,HAWALBAG,GWALKOT,12,19,,31
Almora,Almora,HAWALBAG,HAWALABAGH,19,26,9,54
Almora,Almora,HAWALBAG,HAWALBAG BLANK,6,6,1,13
Almora,Almora,HAWALBAG,JHASIYATANA,26,16,6,48
Almora,Almora,HAWALBAG,JYOLI,53,36,14,103
Almora,Almora,HAWALBAG,JYOLI SILANG,15,9,8,32
Almora,Almora,HAWALBAG,JYULA,5,9,1,15
Almora,Almora,HAWALBAG,JYURKAFUN,54,13,6,73
Almora,Almora,HAWALBAG,KAFALKOT,21,11,10,42
Almora,Almora,HAWALBAG,KANALBUNGA,29,17,6,52
Almora,Almora,HAWALBAG,KANELI,34,9,3,46
Almora,Almora,HAWALBAG,KASUN,22,16,10,48
Almora,Almora,HAWALBAG,KATARMAL,49,23,4,76
Almora,Almora,HAWALBAG,KAYALA,26,16,5,47
Almora,Almora,HAWALBAG,KESTA,28,10,7,45
Almora,Almora,HAWALBAG,KHAIKATTA,15,3,1,19
Almora,Almora,HAWALBAG,KHATYARI,82,59,44,185
Almora,Almora,HAWALBAG,KHAURI,36,14,2,52
Almora,Almora,HAWALBAG,KHUNT,45,15,16,76
Almora,Almora,HAWALBAG,KOTULI,30,6,13,49
Almora,Almora,HAWALBAG,KUJYADI,30,16,21,67
Almora,Almora,HAWALBAG,KURCHAUN,55,17,14,86
Almora,Almora,HAWALBAG,KUTGOLI,15,8,5,28
Almora,Almora,HAWALBAG,LAT,28,16,7,51
Almora,Almora,HAWALBAG,MAAL,76,34,29,139
Almora,Almora,HAWALBAG,MAAT,33,22,9,64
Almora,Almora,HAWALBAG,MACHOAD,1,2,,3
Almora,Almora,HAWALBAG,MAHATGAON,31,19,12,62
Almora,Almora,HAWALBAG,MAIGDI,9,10,2,21
Almora,Almora,HAWALBAG,MAINIPANCHGAON,15,12,5,32
Almora,Almora,HAWALBAG,MANAO,47,17,17,81
Almora,Almora,HAWALBAG,MATELA,42,31,17,90
Almora,Almora,HAWALBAG,MATELA (AGHAR),25,21,4,50
Almora,Almora,HAWALBAG,MATENA,41,23,4,68
Almora,Almora,HAWALBAG,MEHALA,3,7,2,12
Almora,Almora,HAWALBAG,NAINOLI,13,11,5,29
Almora,Almora,HAWALBAG,NAKOT,17,6,10,33
Almora,Almora,HAWALBAG,NAULA,82,25,24,131
Almora,Almora,HAWALBAG,ODLA,28,8,3,39
Almora,Almora,HAWALBAG,PAKHURA,27,20,9,56
Almora,Almora,HAWALBAG,PANDEKHOLA,13,9,6,28
Almora,Almora,HAWALBAG,PANKOT,17,9,5,31
Almora,Almora,HAWALBAG,PATHARKOT,22,9,9,40
Almora,Almora,HAWALBAG,PATHURA,48,19,5,72
Almora,Almora,HAWALBAG,PHARKA,5,5,2,12
Almora,Almora,HAWALBAG,PILKHA,31,26,10,67
Almora,Almora,HAWALBAG,PITHAUNI,28,7,4,39
Almora,Almora,HAWALBAG,POKHARI,17,10,6,33
Almora,Almora,HAWALBAG,QAIRALA,28,12,7,47
Almora,Almora,HAWALBAG,RAIKHOLI,,,,0
Almora,Almora,HAWALBAG,RAILAKOT,36,26,11,73
Almora,Almora,HAWALBAG,RAILAPALI,8,8,1,17
Almora,Almora,HAWALBAG,RAINGAL,32,14,7,53
Almora,Almora,HAWALBAG,RAMDA,35,10,7,52
Almora,Almora,HAWALBAG,RANKHILA,58,10,7,75
Almora,Almora,HAWALBAG,RAUN,22,23,14,59
Almora,Almora,HAWALBAG,RIKHE,20,10,6,36
Almora,Almora,HAWALBAG,SAIJ,22,3,9,34
Almora,Almora,HAWALBAG,SAINAR,20,16,8,44
Almora,Almora,HAWALBAG,SAKAR,8,9,4,21
Almora,Almora,HAWALBAG,SAKNIYAKOT,6,6,1,13
Almora,Almora,HAWALBAG,SALLA RAUTELA,27,10,4,41
Almora,Almora,HAWALBAG,SARKAR KI AALI,38,10,11,59
Almora,Almora,HAWALBAG,SARSAUN,35,16,5,56
Almora,Almora,HAWALBAG,SHAILGUNTH,26,13,5,44
Almora,Almora,HAWALBAG,SIDHAPUR,49,25,8,82
Almora,Almora,HAWALBAG,SIKUDA,16,9,5,30
Almora,Almora,HAWALBAG,SILANI,28,8,8,44
Almora,Almora,HAWALBAG,SIRAD,25,17,8,50
Almora,Almora,HAWALBAG,SYALIDHAR,45,40,15,100
Almora,Almora,HAWALBAG,SYUNA,22,10,9,41
Almora,Almora,HAWALBAG,SYUNARAKOT,11,6,1,18
Almora,Almora,HAWALBAG,SYURA,11,4,1,16
Almora,Almora,HAWALBAG,TALAD,15,14,9,38
Almora,Almora,HAWALBAG,TALADWARI,29,7,3,39
Almora,Almora,HAWALBAG,TATIK,11,8,4,23
Almora,Almora,HAWALBAG,THAPANIYA,17,17,5,39
Almora,Almora,HAWALBAG,UDYARI,23,13,4,40
Almora,Almora,HAWALBAG,USKONA,5,7,8,20
Almora,Almora,LAMGARA,AANULI,19,18,3,40
Almora,Almora,LAMGARA,AARAKHET,1,2,1,4
Almora,Almora,LAMGARA,ANARIYAKOT,37,26,6,69
Almora,Almora,LAMGARA,BACHKANDEY,1,8,,9
Almora,Almora,LAMGARA,BADIYAR RAIT,8,6,3,17
Almora,Almora,LAMGARA,BAGHAR,26,4,2,32
Almora,Almora,LAMGARA,BAIGNIYA,7,5,1,13
Almora,Almora,LAMGARA,BAJETHI,29,14,4,47
Almora,Almora,LAMGARA,BALIYA,2,2,1,5
Almora,Almora,LAMGARA,BALMA,28,14,5,47
Almora,Almora,LAMGARA,BARAKOT,3,11,3,17
Almora,Almora,LAMGARA,BHABU,2,6,,8
Almora,Almora,LAMGARA,BHAISODA,18,11,4,33
Almora,Almora,LAMGARA,BHATKHOLA,26,13,8,47
Almora,Almora,LAMGARA,BHATKOT,15,1,2,18
Almora,Almora,LAMGARA,BHTYURA TALLA,1,12,,13
Almora,Almora,LAMGARA,BINOLA MALLA,2,4,,6
Almora,Almora,LAMGARA,BINOLA TALLA,,,,0
Almora,Almora,LAMGARA,BISAUDKOT,12,1,1,14
Almora,Almora,LAMGARA,BUDHAN,11,10,3,24
Almora,Almora,LAMGARA,CHAUKUNA,,,,0
Almora,Almora,LAMGARA,CHAUMU,35,21,10,66
Almora,Almora,LAMGARA,CHIRATINMINA,3,1,,4
Almora,Almora,LAMGARA,DAMAR,1,6,,7
Almora,Almora,LAMGARA,DHAILI,59,26,11,96
Almora,Almora,LAMGARA,DHAURA,43,19,8,70
Almora,Almora,LAMGARA,DHURA SANGROLI,23,26,1,50
Almora,Almora,LAMGARA,DHYULI DHONI,6,1,,7
Almora,Almora,LAMGARA,DHYULI ROUTELA,12,2,2,16
Almora,Almora,LAMGARA,DOL,27,34,4,65
Almora,Almora,LAMGARA,DOTHA,3,5,2,10
Almora,Almora,LAMGARA,FATQUAL DUNGARA,5,12,7,24
Almora,Almora,LAMGARA,FUTA,12,5,1,18
Almora,Almora,LAMGARA,GAULI MAHAR,16,6,3,25
Almora,Almora,LAMGARA,GAUNA,27,14,12,53
Almora,Almora,LAMGARA,GUTHOULI,8,2,1,11
Almora,Almora,LAMGARA,JAKHATEWARI,,,,0
Almora,Almora,LAMGARA,JHALDUNGARA,17,13,,30
Almora,Almora,LAMGARA,JOSHIDHURA,28,17,2,47
Almora,Almora,LAMGARA,KALADUNGRA,3,3,,6
Almora,Almora,LAMGARA,KALSEEMA,14,9,7,30
Almora,Almora,LAMGARA,KALTANI,22,21,2,45
Almora,Almora,LAMGARA,KANDEY,3,11,,14
Almora,Almora,LAMGARA,KANRA,20,3,2,25
Almora,Almora,LAMGARA,KAPKOT,19,8,2,29
Almora,Almora,LAMGARA,KHANKAR,1,21,,22
Almora,Almora,LAMGARA,KHERDA,19,14,5,38
Almora,Almora,LAMGARA,KOKILAGAON,13,2,1,16
Almora,Almora,LAMGARA,KUMALSON,1,4,,5
Almora,Almora,LAMGARA,KUNJ,2,8,,10
Almora,Almora,LAMGARA,KUTAULI,2,9,,11
Almora,Almora,LAMGARA,LAMGARA BLANK,1,3,,4
Almora,Almora,LAMGARA,LAMKOAT,12,2,,14
Almora,Almora,LAMGARA,LOHANA,1,18,1,20
Almora,Almora,LAMGARA,MALADI,15,6,3,24
Almora,Almora,LAMGARA,MALLI CHOUNALI,28,18,2,48
Almora,Almora,LAMGARA,MERGOAN,13,13,,26
Almora,Almora,LAMGARA,MIROLI,3,2,,5
Almora,Almora,LAMGARA,NAIDI,10,10,2,22
Almora,Almora,LAMGARA,NATADOL,18,36,3,57
Almora,Almora,LAMGARA,NAURA,18,2,6,26
Almora,Almora,LAMGARA,NAYA SANGROLI,1,13,,14
Almora,Almora,LAMGARA,PALNA,26,28,2,56
Almora,Almora,LAMGARA,PITNA,4,12,,16
Almora,Almora,LAMGARA,QWETA,3,30,1,34
Almora,Almora,LAMGARA,RANAO,13,9,,22
Almora,Almora,LAMGARA,RATKHAN,25,15,,40
Almora,Almora,LAMGARA,SAINOLI,4,10,,14
Almora,Almora,LAMGARA,SANGARSAHU,16,26,4,46
Almora,Almora,LAMGARA,SATYU,33,8,5,46
Almora,Almora,LAMGARA,SELTA CHAPAR,,,,0
Almora,Almora,LAMGARA,SILKHODA,25,12,2,39
Almora,Almora,LAMGARA,SILPAD,1,7,,8
Almora,Almora,LAMGARA,SIMALTI,18,4,2,24
Almora,Almora,LAMGARA,SIRSAUDA,15,12,1,28
Almora,Almora,LAMGARA,SUNADI,5,7,1,13
Almora,Almora,LAMGARA,SURCHORA,1,9,2,12
Almora,Almora,LAMGARA,SURI,1,8,1,10
Almora,Almora,LAMGARA,SYUNANI,3,7,,10
Almora,Almora,LAMGARA,THANA MATHENA,24,15,6,45
Almora,Almora,LAMGARA,THATH,22,21,2,45
Almora,Almora,LAMGARA,TIKAR,4,7,1,12
Almora,Almora,LAMGARA,TOLI,43,30,2,75
Almora,Almora,LAMGARA,TULEDI,23,24,6,53
Almora,Almora,LAMGARA,TYUNARA,2,3,,5
Almora,Almora,LAMGARA,UJYAULA,45,15,12,72
Almora,Almora,LAMGARA,UNYUDA,19,18,,37
Almora,Almora,LAMGARA,WADYUDA,18,7,4,29
Almora,Almora,TAKULA,ADHURIYA,1,2,,3
Almora,Almora,TAKULA,AMKHOLI,14,2,2,18
Almora,Almora,TAKULA,BADGAON,1,1,1,3
Almora,Almora,TAKULA,BALE,,,,0
Almora,Almora,TAKULA,BASOLI,13,2,4,19
Almora,Almora,TAKULA,BAYALAKHALSA,2,2,,4
Almora,Almora,TAKULA,BHAISORI,20,2,2,24
Almora,Almora,TAKULA,BHAKUNA,42,8,2,52
Almora,Almora,TAKULA,BHANARATH,,,,0
Almora,Almora,TAKULA,BHATTGAON,16,4,,20
Almora,Almora,TAKULA,BHETULI,33,20,5,58
Almora,Almora,TAKULA,BINA,67,14,3,84
Almora,Almora,TAKULA,BUNGA,,,,0
Almora,Almora,TAKULA,CHURADI,9,4,4,17
Almora,Almora,TAKULA,DHAULARA,3,1,,4
Almora,Almora,TAKULA,DOTIYALGAON,49,13,4,66
Almora,Almora,TAKULA,ESALNA,26,5,5,36
Almora,Almora,TAKULA,GANGOLAKOTLI,20,15,2,37
Almora,Almora,TAKULA,HADAULI,32,16,3,51
Almora,Almora,TAKULA,JAKHASAUD,20,8,1,29
Almora,Almora,TAKULA,JALDHAULAR,,,,0
Almora,Almora,TAKULA,JHARKOT,15,7,3,25
Almora,Almora,TAKULA,JHIJHAD,21,3,1,25
Almora,Almora,TAKULA,KANDEY,67,7,1,75
Almora,Almora,TAKULA,KANTLI,,,,0
Almora,Almora,TAKULA,KHARAU,13,,4,17
Almora,Almora,TAKULA,KHIRAKOT,2,1,,3
Almora,Almora,TAKULA,KIRADA,14,2,2,18
Almora,Almora,TAKULA,KOTYUDA,48,28,8,84
Almora,Almora,TAKULA,LADYUDA,1,2,,3
Almora,Almora,TAKULA,LAKHANADI,2,,,2
Almora,Almora,TAKULA,LOD,3,1,1,5
Almora,Almora,TAKULA,LOHANA,27,10,5,42
Almora,Almora,TAKULA,MAJHERAMAFI,,,,0
Almora,Almora,TAKULA,MALAUNJ,2,,,2
Almora,Almora,TAKULA,MAVE,2,,,2
Almora,Almora,TAKULA,NAIDHOL,29,5,4,38
Almora,Almora,TAKULA,NIRAI,2,2,,4
Almora,Almora,TAKULA,PALYUDA,1,4,2,7
Almora,Almora,TAKULA,PANERGAON,35,15,3,53
Almora,Almora,TAKULA,PATIYA,71,14,6,91
Almora,Almora,TAKULA,POKHARI,19,2,1,22
Almora,Almora,TAKULA,SHAIL,2,2,1,5
Almora,Almora,TAKULA,SUNOLI,94,19,14,127
Almora,Almora,TAKULA,SUPAKOT,1,2,1,4
Almora,Almora,TAKULA,TAKULA BLANK,1,1,,2
Almora,Almora,TAKULA,TANA SAJOLI,,,,0
Almora,Almora,TAKULA,THAPALA,54,19,3,76
Almora,Almora,TAKULA,UTRAURA GHURDAURA,1,,,1
Almora,Bhanoli,DHAULADEVI,AARASALPAR,182,38,20,240
Almora,Bhanoli,DHAULADEVI,AATI,26,8,5,39
Almora,Bhanoli,DHAULADEVI,ANDOLI,100,24,3,127
Almora,Bhanoli,DHAULADEVI,ANOLI,46,15,6,67
Almora,Bhanoli,DHAULADEVI,ARCHALI,51,8,6,65
Almora,Bhanoli,DHAULADEVI,BAGHAR,1,,1,2
Almora,Bhanoli,DHAULADEVI,BAJELA,21,11,4,36
Almora,Bhanoli,DHAULADEVI,BALIKHET,37,13,5,55
Almora,Bhanoli,DHAULADEVI,BALSUNA,23,10,8,41
Almora,Bhanoli,DHAULADEVI,BAMANSWAL,40,11,4,55
Almora,Bhanoli,DHAULADEVI,BANTHOK,21,8,10,39
Almora,Bhanoli,DHAULADEVI,BARTOLI,39,5,5,49
Almora,Bhanoli,DHAULADEVI,BASAD,39,9,2,50
Almora,Bhanoli,DHAULADEVI,BASAULI,95,28,19,142
Almora,Bhanoli,DHAULADEVI,BEENA,32,11,3,46
Almora,Bhanoli,DHAULADEVI,BELAK,79,26,23,128
Almora,Bhanoli,DHAULADEVI,BHAGARTOLA,34,10,3,47
Almora,Bhanoli,DHAULADEVI,BHAISARI,67,20,8,95
Almora,Bhanoli,DHAULADEVI,BHAISIYACHHANA BLANK,,,,0
Almora,Bhanoli,DHAULADEVI,BHANOLI,155,33,14,202
Almora,Bhanoli,DHAULADEVI,BHETABADOLI,42,9,7,58
Almora,Bhanoli,DHAULADEVI,BIRKOLA,51,10,8,69
Almora,Bhanoli,DHAULADEVI,CHAGETHI,122,26,18,166
Almora,Bhanoli,DHAULADEVI,CHALTHI,112,27,7,146
Almora,Bhanoli,DHAULADEVI,CHAMI,112,20,15,147
Almora,Bhanoli,DHAULADEVI,CHAMTOLA,110,31,27,168
Almora,Bhanoli,DHAULADEVI,CHAMUWA KHALSA,64,7,9,80
Almora,Bhanoli,DHAULADEVI,CHAUNA,6,2,4,12
Almora,Bhanoli,DHAULADEVI,CHAUNDUNGRI,84,17,9,110
Almora,Bhanoli,DHAULADEVI,CHAURA,34,7,7,48
Almora,Bhanoli,DHAULADEVI,CHAUSALA,90,21,13,124
Almora,Bhanoli,DHAULADEVI,CHIL,122,14,8,144
Almora,Bhanoli,DHAULADEVI,CHITAULA,33,5,3,41
Almora,Bhanoli,DHAULADEVI,DANYA,114,40,17,171
Almora,Bhanoli,DHAULADEVI,DASEELI,74,19,12,105
Almora,Bhanoli,DHAULADEVI,DASHAULA WADIYAR,131,26,22,179
Almora,Bhanoli,DHAULADEVI,DAULIGAR,87,23,18,128
Almora,Bhanoli,DHAULADEVI,DHAR,27,6,8,41
Almora,Bhanoli,DHAULADEVI,DHAULADEVI BLANK,23,4,5,32
Almora,Bhanoli,DHAULADEVI,DHURA,95,14,13,122
Almora,Bhanoli,DHAULADEVI,DHURATANK,5,1,,6
Almora,Bhanoli,DHAULADEVI,DIYARKHOLI,55,17,10,82
Almora,Bhanoli,DHAULADEVI,DORAMPAPOLI,43,8,3,54
Almora,Bhanoli,DHAULADEVI,DUNAD,123,15,14,152
Almora,Bhanoli,DHAULADEVI,DUNGRA,141,42,19,202
Almora,Bhanoli,DHAULADEVI,DYOTALIGUNTH,45,3,3,51
Almora,Bhanoli,DHAULADEVI,FALTIYA,18,6,,24
Almora,Bhanoli,DHAULADEVI,FALYAT,50,28,11,89
Almora,Bhanoli,DHAULADEVI,FARAKHOLI,34,5,1,40
Almora,Bhanoli,DHAULADEVI,FULAI JAGESHWAR,54,26,8,88
Almora,Bhanoli,DHAULADEVI,GAIRAD MALLA,62,23,3,88
Almora,Bhanoli,DHAULADEVI,GAIRAR TALLA,31,6,11,48
Almora,Bhanoli,DHAULADEVI,GALLI,83,24,8,115
Almora,Bhanoli,DHAULADEVI,GAULI MAHAR,2,4,6,12
Almora,Bhanoli,DHAULADEVI,GHASPAD,46,2,4,52
Almora,Bhanoli,DHAULADEVI,GIRCHOLA,35,4,19,58
Almora,Bhanoli,DHAULADEVI,GOLI,79,11,12,102
Almora,Bhanoli,DHAULADEVI,GUNADITYA,35,4,5,44
Almora,Bhanoli,DHAULADEVI,GURUDA BANJ,84,43,22,149
Almora,Bhanoli,DHAULADEVI,JAJAR,29,6,6,41
Almora,Bhanoli,DHAULADEVI,JIGOLITOLI,89,14,13,116
Almora,Bhanoli,DHAULADEVI,KABHARI,70,6,10,86
Almora,Bhanoli,DHAULADEVI,KACHHIYAULA,56,15,3,74
Almora,Bhanoli,DHAULADEVI,KAFALI,98,34,11,143
Almora,Bhanoli,DHAULADEVI,KALAUTA,117,17,6,140
Almora,Bhanoli,DHAULADEVI,KANA,56,25,16,97
Almora,Bhanoli,DHAULADEVI,KAPKOT,1,1,7,9
Almora,Bhanoli,DHAULADEVI,KASERMANYA,85,21,42,148
Almora,Bhanoli,DHAULADEVI,KAULA,20,4,2,26
Almora,Bhanoli,DHAULADEVI,KHATIYOLA,,,,0
Almora,Bhanoli,DHAULADEVI,KHAURI,86,12,6,104
Almora,Bhanoli,DHAULADEVI,KHETI,98,22,10,130
Almora,Bhanoli,DHAULADEVI,KHOLA,91,26,17,134
Almora,Bhanoli,DHAULADEVI,KOL,32,14,9,55
Almora,Bhanoli,DHAULADEVI,KOTALIGUNTH,57,24,10,91
Almora,Bhanoli,DHAULADEVI,KUMAD,33,8,1,42
Almora,Bhanoli,DHAULADEVI,KUNJAGUNTH,18,6,4,28
Almora,Bhanoli,DHAULADEVI,LADHOLI,8,2,,10
Almora,Bhanoli,DHAULADEVI,LWETALADFORA,61,17,6,84
Almora,Bhanoli,DHAULADEVI,MADAM,78,10,7,95
Almora,Bhanoli,DHAULADEVI,MAHARGAON,51,17,5,73
Almora,Bhanoli,DHAULADEVI,MALAD,61,6,13,80
Almora,Bhanoli,DHAULADEVI,MALADI,2,2,1,5
Almora,Bhanoli,DHAULADEVI,MANIAGAR,51,13,15,79
Almora,Bhanoli,DHAULADEVI,MANTOLAGUNTH,50,7,2,59
Almora,Bhanoli,DHAULADEVI,MANU,67,9,11,87
Almora,Bhanoli,DHAULADEVI,MATKANYA,48,18,1,67
Almora,Bhanoli,DHAULADEVI,MAYOLI,63,8,8,79
Almora,Bhanoli,DHAULADEVI,MELGAON,51,12,4,67
Almora,Bhanoli,DHAULADEVI,MELTAJOL,33,8,4,45
Almora,Bhanoli,DHAULADEVI,NAILPAD,64,13,5,82
Almora,Bhanoli,DHAULADEVI,NAINOLI,61,14,5,80
Almora,Bhanoli,DHAULADEVI,NAKOT,29,12,5,46
Almora,Bhanoli,DHAULADEVI,NAUGAON,53,19,5,77
Almora,Bhanoli,DHAULADEVI,NAURA,11,,4,15
Almora,Bhanoli,DHAULADEVI,NAYAL,36,10,2,48
Almora,Bhanoli,DHAULADEVI,NAYALDHURA,48,7,5,60
Almora,Bhanoli,DHAULADEVI,PADAEE,37,7,7,51
Almora,Bhanoli,DHAULADEVI,PALI,140,23,21,184
Almora,Bhanoli,DHAULADEVI,PALRIGUNTH,101,18,11,130
Almora,Bhanoli,DHAULADEVI,PAPGAD,38,11,4,53
Almora,Bhanoli,DHAULADEVI,PAPOLI,69,26,15,110
Almora,Bhanoli,DHAULADEVI,POKHARI,126,17,13,156
Almora,Bhanoli,DHAULADEVI,QWERALI,31,20,3,54
Almora,Bhanoli,DHAULADEVI,RAUL,83,12,7,102
Almora,Bhanoli,DHAULADEVI,SAIL,,,,0
Almora,Bhanoli,DHAULADEVI,SAILAKOT,63,17,13,93
Almora,Bhanoli,DHAULADEVI,SAILI,43,13,16,72
Almora,Bhanoli,DHAULADEVI,SELA,5,3,2,10
Almora,Bhanoli,DHAULADEVI,SINDHIYA MALLA,90,14,7,111
Almora,Bhanoli,DHAULADEVI,SIRAULA,43,13,2,58
Almora,Bhanoli,DHAULADEVI,SUKNA,36,5,7,48
Almora,Bhanoli,DHAULADEVI,TALAD BHAINA,24,2,5,31
Almora,Bhanoli,DHAULADEVI,TARKOT,51,17,4,72
Almora,Bhanoli,DHAULADEVI,THALI,59,32,17,108
Almora,Bhanoli,LAMGARA,BADIYAR RAIT,7,,1,8
Almora,Bhanoli,LAMGARA,KOORI,29,5,1,35
Almora,Bhanoli,LAMGARA,TYUNARA,14,,4,18
Almora,Bhikia Sain,BHIKIASAIN,AMOLI,28,14,3,45
Almora,Bhikia Sain,BHIKIASAIN,BAGADWAR,28,8,5,41
Almora,Bhikia Sain,BHIKIASAIN,BAJAN,50,9,2,61
Almora,Bhikia Sain,BHIKIASAIN,BAMANCHAUNA,39,8,2,49
Almora,Bhikia Sain,BHIKIASAIN,BAMYOLI,31,8,1,40
Almora,Bhikia Sain,BHIKIASAIN,BARIKOT,37,5,5,47
Almora,Bhikia Sain,BHIKIASAIN,BASOT,103,24,11,138
Almora,Bhikia Sain,BHIKIASAIN,BAULI,55,17,4,76
Almora,Bhikia Sain,BHIKIASAIN,Belti,3,,1,4
Almora,Bhikia Sain,BHIKIASAIN,BHANTI,40,13,4,57
Almora,Bhikia Sain,BHIKIASAIN,BHASI KAFLANI,37,4,2,43
Almora,Bhikia Sain,BHIKIASAIN,BHIKIYASAIN,84,42,17,143
Almora,Bhikia Sain,BHIKIASAIN,BHONALI,16,5,4,25
Almora,Bhikia Sain,BHIKIASAIN,BINOULI,52,8,9,69
Almora,Bhikia Sain,BHIKIASAIN,BUDHALI,24,6,2,32
Almora,Bhikia Sain,BHIKIASAIN,BUNGANAURAR,17,12,1,30
Almora,Bhikia Sain,BHIKIASAIN,CHANULI,60,9,5,74
Almora,Bhikia Sain,BHIKIASAIN,CHAUDA,15,5,1,21
Almora,Bhikia Sain,BHIKIASAIN,CHAUNIA,8,8,2,18
Almora,Bhikia Sain,BHIKIASAIN,CHAURA (BAIGAR),32,4,1,37
Almora,Bhikia Sain,BHIKIASAIN,DADHULI,55,5,5,65
Almora,Bhikia Sain,BHIKIASAIN,DAHAL,22,8,2,32
Almora,Bhikia Sain,BHIKIASAIN,DALMORI,14,7,5,26
Almora,Bhikia Sain,BHIKIASAIN,DANGARKHOLA,19,8,1,28
Almora,Bhikia Sain,BHIKIASAIN,DANPAUN,58,32,12,102
Almora,Bhikia Sain,BHIKIASAIN,DHAMERA,13,9,3,25
Almora,Bhikia Sain,BHIKIASAIN,DHANAULI,30,5,5,40
Almora,Bhikia Sain,BHIKIASAIN,DHARAR,37,6,2,45
Almora,Bhikia Sain,BHIKIASAIN,DHAULA,21,10,1,32
Almora,Bhikia Sain,BHIKIASAIN,Dhunga,2,,,2
Almora,Bhikia Sain,BHIKIASAIN,DUMNA,22,5,5,32
Almora,Bhikia Sain,BHIKIASAIN,DYONA,15,8,3,26
Almora,Bhikia Sain,BHIKIASAIN,FALSON,17,10,3,30
Almora,Bhikia Sain,BHIKIASAIN,GAIRGAON,41,14,9,64
Almora,Bhikia Sain,BHIKIASAIN,GANGORA,36,17,4,57
Almora,Bhikia Sain,BHIKIASAIN,GHUGHUTI,7,2,2,11
Almora,Bhikia Sain,BHIKIASAIN,GUJARGADI,37,23,7,67
Almora,Bhikia Sain,BHIKIASAIN,HARNAULI,54,17,6,77
Almora,Bhikia Sain,BHIKIASAIN,HAULI,36,11,3,50
Almora,Bhikia Sain,BHIKIASAIN,INAULI,45,5,1,51
Almora,Bhikia Sain,BHIKIASAIN,INDA,43,11,2,56
Almora,Bhikia Sain,BHIKIASAIN,JAINAL,22,7,3,32
Almora,Bhikia Sain,BHIKIASAIN,JAITHA,23,8,5,36
Almora,Bhikia Sain,BHIKIASAIN,JALALI,60,19,3,82
Almora,Bhikia Sain,BHIKIASAIN,JAMOLI,60,9,8,77
Almora,Bhikia Sain,BHIKIASAIN,JHARKOT,24,9,4,37
Almora,Bhikia Sain,BHIKIASAIN,KAMARAR,40,7,9,56
Almora,Bhikia Sain,BHIKIASAIN,KHANOLIYA,22,10,1,33
Almora,Bhikia Sain,BHIKIASAIN,KHARAK,14,6,1,21
Almora,Bhikia Sain,BHIKIASAIN,KHARKHET,11,6,,17
Almora,Bhikia Sain,BHIKIASAIN,KHUREDI,40,6,,46
Almora,Bhikia Sain,BHIKIASAIN,KHURURI,12,9,2,23
Almora,Bhikia Sain,BHIKIASAIN,KOT,19,5,2,26
Almora,Bhikia Sain,BHIKIASAIN,KOTIYAG,36,7,1,44
Almora,Bhikia Sain,BHIKIASAIN,LAUKOT,27,15,1,43
Almora,Bhikia Sain,BHIKIASAIN,MAHARNAIL,17,4,,21
Almora,Bhikia Sain,BHIKIASAIN,MAHARTANA,17,6,1,24
Almora,Bhikia Sain,BHIKIASAIN,MASON,10,6,2,18
Almora,Bhikia Sain,BHIKIASAIN,MATELA,33,11,6,50
Almora,Bhikia Sain,BHIKIASAIN,MAYOLI,15,4,,19
Almora,Bhikia Sain,BHIKIASAIN,MOHANARI,49,14,7,70
Almora,Bhikia Sain,BHIKIASAIN,MUNIACHAURA,22,5,4,31
Almora,Bhikia Sain,BHIKIASAIN,NAGARJUN,50,8,5,63
Almora,Bhikia Sain,BHIKIASAIN,NAIKANA,34,12,4,50
Almora,Bhikia Sain,BHIKIASAIN,NAIL,28,11,2,41
Almora,Bhikia Sain,BHIKIASAIN,NAUBARA,55,24,4,83
Almora,Bhikia Sain,BHIKIASAIN,NAUGAON,32,14,2,48
Almora,Bhikia Sain,BHIKIASAIN,NAUGHARIA,35,6,3,44
Almora,Bhikia Sain,BHIKIASAIN,NAULA,79,27,9,115
Almora,Bhikia Sain,BHIKIASAIN,NIGRALI,28,14,2,44
Almora,Bhikia Sain,BHIKIASAIN,NIRKOT,13,4,3,20
Almora,Bhikia Sain,BHIKIASAIN,PADYULA,6,6,1,13
Almora,Bhikia Sain,BHIKIASAIN,PALI,43,12,4,59
Almora,Bhikia Sain,BHIKIASAIN,PALITHOULI,31,16,9,56
Almora,Bhikia Sain,BHIKIASAIN,PANTGAON,29,17,2,48
Almora,Bhikia Sain,BHIKIASAIN,PATAS,5,8,3,16
Almora,Bhikia Sain,BHIKIASAIN,PEEPALGAON,47,4,3,54
Almora,Bhikia Sain,BHIKIASAIN,RIKHAR,47,8,7,62
Almora,Bhikia Sain,BHIKIASAIN,RIKHARI,28,4,4,36
Almora,Bhikia Sain,BHIKIASAIN,RINGADIA,28,8,1,37
Almora,Bhikia Sain,BHIKIASAIN,RUPANAULI,29,1,5,35
Almora,Bhikia Sain,BHIKIASAIN,SAINSERA,33,7,2,42
Almora,Bhikia Sain,BHIKIASAIN,Sanana,3,1,,4
Almora,Bhikia Sain,BHIKIASAIN,SANNE,27,13,4,44
Almora,Bhikia Sain,BHIKIASAIN,SAUREN,53,11,7,71
Almora,Bhikia Sain,BHIKIASAIN,SEEM,58,35,14,107
Almora,Bhikia Sain,BHIKIASAIN,SHILANG,13,4,1,18
Almora,Bhikia Sain,BHIKIASAIN,SIGOLI,18,4,,22
Almora,Bhikia Sain,BHIKIASAIN,SINAR,46,17,5,68
Almora,Bhikia Sain,BHIKIASAIN,SINAURA,91,26,7,124
Almora,Bhikia Sain,BHIKIASAIN,SIRMOLI,64,13,3,80
Almora,Bhikia Sain,BHIKIASAIN,SOLI,8,2,2,12
Almora,Bhikia Sain,BHIKIASAIN,SOONI,25,15,2,42
Almora,Bhikia Sain,BHIKIASAIN,SRIKOTNAHORI,43,7,2,52
Almora,Bhikia Sain,BHIKIASAIN,SURE,46,19,5,70
Almora,Bhikia Sain,BHIKIASAIN,Syutara,13,1,,14
Almora,Bhikia Sain,BHIKIASAIN,Taani,7,1,,8
Almora,Bhikia Sain,BHIKIASAIN,TAKULTI,58,17,7,82
Almora,Bhikia Sain,BHIKIASAIN,THAPLA,37,6,2,45
Almora,Bhikia Sain,BHIKIASAIN,THIRAULI,75,29,7,111
Almora,Bhikia Sain,BHIKIASAIN,UGALIA,39,6,4,49
Almora,Bhikia Sain,BHIKIASAIN,UNULI,50,13,4,67
Almora,Bhikia Sain,DWARAHAT,BHUMKIA,,,,0
Almora,Bhikia Sain,SULT,ACHHARAUN,,,,0
Almora,Bhikia Sain,SULT,BARAHLIA,,,,0
Almora,Bhikia Sain,SULT,BARKINDA,19,2,1,22
Almora,Bhikia Sain,SULT,BASEDI BASNAL,27,1,1,29
Almora,Bhikia Sain,SULT,BASERABAGAD,10,,,10
Almora,Bhikia Sain,SULT,BAUDMALLA,2,1,,3
Almora,Bhikia Sain,SULT,BAUDTALLA,1,,,1
Almora,Bhikia Sain,SULT,BHAISKHET,8,1,,9
Almora,Bhikia Sain,SULT,BHAKARAKOT,,,,0
Almora,Bhikia Sain,SULT,BHIYADI,1,,,1
Almora,Bhikia Sain,SULT,BINAULII,16,1,1,18
Almora,Bhikia Sain,SULT,BUNGIDHAR,14,,,14
Almora,Bhikia Sain,SULT,CHAMAKANA,,,,0
Almora,Bhikia Sain,SULT,CHAUNA,9,2,,11
Almora,Bhikia Sain,SULT,DABHARA,23,2,,25
Almora,Bhikia Sain,SULT,DABHARA SAURAL,1,,,1
Almora,Bhikia Sain,SULT,DADHARIYA,1,,,1
Almora,Bhikia Sain,SULT,DADHOLI,16,1,,17
Almora,Bhikia Sain,SULT,DANG,,,,0
Almora,Bhikia Sain,SULT,DANYURA,17,1,,18
Almora,Bhikia Sain,SULT,DHUNGAMOHAN,,,,0
Almora,Bhikia Sain,SULT,DUGOLI,12,1,4,17
Almora,Bhikia Sain,SULT,DUNGRA,3,,,3
Almora,Bhikia Sain,SULT,DUNGRA (NAYA),6,3,,9
Almora,Bhikia Sain,SULT,DUNGRI,,,,0
Almora,Bhikia Sain,SULT,DYONA,,,,0
Almora,Bhikia Sain,SULT,GAHANTIMLE,15,1,1,17
Almora,Bhikia Sain,SULT,GHACHKOT,,,,0
Almora,Bhikia Sain,SULT,GHAGHLI,13,1,1,15
Almora,Bhikia Sain,SULT,INLO,32,5,1,38
Almora,Bhikia Sain,SULT,JALIKHAN,5,,,5
Almora,Bhikia Sain,SULT,JAMRIA,,,,0
Almora,Bhikia Sain,SULT,JHADGAON,,,,0
Almora,Bhikia Sain,SULT,JHIMAR,3,,,3
Almora,Bhikia Sain,SULT,KAFALTA,,,,0
Almora,Bhikia Sain,SULT,KALIGAON,,,,0
Almora,Bhikia Sain,SULT,KANEKHALPATI,,,,0
Almora,Bhikia Sain,SULT,KANGADI,15,1,,16
Almora,Bhikia Sain,SULT,KHALYO,10,1,,11
Almora,Bhikia Sain,SULT,KHATOLI,,,,0
Almora,Bhikia Sain,SULT,KHUMAD,,,,0
Almora,Bhikia Sain,SULT,KOTACHAMI,2,,,2
Almora,Bhikia Sain,SULT,KOTALI MALLI,,,,0
Almora,Bhikia Sain,SULT,KOTHALGAON,,,,0
Almora,Bhikia Sain,SULT,KUNHIL SYOTARI,16,1,2,19
Almora,Bhikia Sain,SULT,KUNIDHAR,39,4,2,45
Almora,Bhikia Sain,SULT,LUHEDA,,,,0
Almora,Bhikia Sain,SULT,MACHHOR,1,,,1
Almora,Bhikia Sain,SULT,MAINAKOT,,,,0
Almora,Bhikia Sain,SULT,MAITHANI,1,,,1
Almora,Bhikia Sain,SULT,MAJGAON KANERA,6,1,3,10
Almora,Bhikia Sain,SULT,MALIHARI,18,,,18
Almora,Bhikia Sain,SULT,MANILA,,,,0
Almora,Bhikia Sain,SULT,MANULI,19,2,1,22
Almora,Bhikia Sain,SULT,MAWALGAON,1,,,1
Almora,Bhikia Sain,SULT,MUSAULI,8,5,2,15
Almora,Bhikia Sain,SULT,NADOLI,,,,0
Almora,Bhikia Sain,SULT,NAGCHULA,1,,,1
Almora,Bhikia Sain,SULT,NAIKANA,12,,1,13
Almora,Bhikia Sain,SULT,NAINWALPALI,11,1,,12
Almora,Bhikia Sain,SULT,NANADKOTA,7,,1,8
Almora,Bhikia Sain,SULT,NEWALGAON -1,1,,,1
Almora,Bhikia Sain,SULT,NEWALGAON-2,,,,0
Almora,Bhikia Sain,SULT,PATIACHAURA,,,,0
Almora,Bhikia Sain,SULT,POKHARI TALLI,,,,0
Almora,Bhikia Sain,SULT,PUNAKOT,22,5,1,28
Almora,Bhikia Sain,SULT,PURIYA CHAURA,13,,1,14
Almora,Bhikia Sain,SULT,RANKOONA,2,,,2
Almora,Bhikia Sain,SULT,RANTHAMAL,,,,0
Almora,Bhikia Sain,SULT,RIWALI PALLI,2,,,2
Almora,Bhikia Sain,SULT,SABOLI RAUTELA,15,1,1,17
Almora,Bhikia Sain,SULT,SAINMANUR,34,3,3,40
Almora,Bhikia Sain,SULT,SAKANADA,17,1,,18
Almora,Bhikia Sain,SULT,SARUD,2,,,2
Almora,Bhikia Sain,SULT,SAUKHATI,,,,0
Almora,Bhikia Sain,SULT,SEEMARISTINA,9,3,2,14
Almora,Bhikia Sain,SULT,SYAHILAID,,,,0
Almora,Bhikia Sain,SULT,TARAM,1,,,1
Almora,Bhikia Sain,SULT,TARITUKNAULI,,,,0
Almora,Bhikia Sain,SULT,TAYA,4,,,4
Almora,Bhikia Sain,SULT,THALTARAD,,,,0
Almora,Bhikia Sain,SULT,TITOLI,7,3,,10
Almora,Bhikia Sain,SULT,TOTAM,,,,0
Almora,Bhikia Sain,SULT,UJRAD,19,,,19
Almora,Bhikia Sain,SYALDEY,AFAON,34,10,3,47
Almora,Bhikia Sain,SYALDEY,ARADI BISHT,42,13,3,58
Almora,Bhikia Sain,SYALDEY,ARADI RAJWAR,33,7,7,47
Almora,Bhikia Sain,SYALDEY,BABLIA,60,24,5,89
Almora,Bhikia Sain,SYALDEY,BALMARA,29,9,4,42
Almora,Bhikia Sain,SYALDEY,BARANGAL,115,29,16,160
Almora,Bhikia Sain,SYALDEY,BASAI,87,20,11,118
Almora,Bhikia Sain,SYALDEY,BASNAL GAON,37,6,6,49
Almora,Bhikia Sain,SYALDEY,BAWADI KICHAR,29,4,6,39
Almora,Bhikia Sain,SYALDEY,BHAKURA MALLA,53,22,5,80
Almora,Bhikia Sain,SYALDEY,BHAKURA TALLA,36,11,3,50
Almora,Bhikia Sain,SYALDEY,BHARSOLI,99,22,10,131
Almora,Bhikia Sain,SYALDEY,BHELIWAR,42,11,,53
Almora,Bhikia Sain,SYALDEY,BISARKHET,13,6,4,23
Almora,Bhikia Sain,SYALDEY,BURUSPANI,57,20,3,80
Almora,Bhikia Sain,SYALDEY,CHACHROTI,78,12,16,106
Almora,Bhikia Sain,SYALDEY,CHACK KELANI,23,4,1,28
Almora,Bhikia Sain,SYALDEY,CHAKAR GAON,65,28,4,97
Almora,Bhikia Sain,SYALDEY,CHAMYADI,57,19,7,83
Almora,Bhikia Sain,SYALDEY,CHANAULI,15,8,3,26
Almora,Bhikia Sain,SYALDEY,CHANTHARKHANI,43,21,4,68
Almora,Bhikia Sain,SYALDEY,CHICHAON,13,2,3,18
Almora,Bhikia Sain,SYALDEY,CHINTOLI,71,32,6,109
Almora,Bhikia Sain,SYALDEY,DEGHAT,33,13,3,49
Almora,Bhikia Sain,SYALDEY,DHIKA,16,2,1,19
Almora,Bhikia Sain,SYALDEY,DUDHORIBIRKHAL,22,4,1,27
Almora,Bhikia Sain,SYALDEY,DUNGRI,59,18,2,79
Almora,Bhikia Sain,SYALDEY,FARIA,41,11,2,54
Almora,Bhikia Sain,SYALDEY,GADSADI,45,10,1,56
Almora,Bhikia Sain,SYALDEY,GAJAR,31,9,,40
Almora,Bhikia Sain,SYALDEY,GHANYAL,23,10,2,35
Almora,Bhikia Sain,SYALDEY,GHANYAL PALLA,48,6,4,58
Almora,Bhikia Sain,SYALDEY,GHUGHUTI,51,17,8,76
Almora,Bhikia Sain,SYALDEY,GOGANYAN VASISEEM,15,3,1,19
Almora,Bhikia Sain,SYALDEY,GOLANA,103,20,5,128
Almora,Bhikia Sain,SYALDEY,GUDLEKH,56,15,3,74
Almora,Bhikia Sain,SYALDEY,GUMTI,31,12,2,45
Almora,Bhikia Sain,SYALDEY,GWALBINA,56,17,5,78
Almora,Bhikia Sain,SYALDEY,GWALI,43,15,2,60
Almora,Bhikia Sain,SYALDEY,IKKURAULA,36,18,1,55
Almora,Bhikia Sain,SYALDEY,JAIKHAL,70,27,7,104
Almora,Bhikia Sain,SYALDEY,JANARKHANI,49,9,1,59
Almora,Bhikia Sain,SYALDEY,JASPUR,53,17,9,79
Almora,Bhikia Sain,SYALDEY,JAYNTESWAR,6,1,,7
Almora,Bhikia Sain,SYALDEY,JUNIA,11,3,2,16
Almora,Bhikia Sain,SYALDEY,KAFAL GAON,28,14,,42
Almora,Bhikia Sain,SYALDEY,KAFALGAIR,67,13,3,83
Almora,Bhikia Sain,SYALDEY,KAFALTANA,67,17,9,93
Almora,Bhikia Sain,SYALDEY,KAIHARGAON,70,19,11,100
Almora,Bhikia Sain,SYALDEY,KALIYALINGUN,62,16,3,81
Almora,Bhikia Sain,SYALDEY,KALJHIPA JOSHI,52,11,1,64
Almora,Bhikia Sain,SYALDEY,KALJHIPA RAJWAR,10,7,,17
Almora,Bhikia Sain,SYALDEY,KALYANPUR,63,15,4,82
Almora,Bhikia Sain,SYALDEY,KAMAN,39,15,2,56
Almora,Bhikia Sain,SYALDEY,KANARITHAUD,23,10,,33
Almora,Bhikia Sain,SYALDEY,KANKOT,43,7,1,51
Almora,Bhikia Sain,SYALDEY,KHALIYO,3,,,3
Almora,Bhikia Sain,SYALDEY,KHARKU BHANARIA,11,5,1,17
Almora,Bhikia Sain,SYALDEY,KHATALGAON,37,22,4,63
Almora,Bhikia Sain,SYALDEY,KOTSADI,52,23,8,83
Almora,Bhikia Sain,SYALDEY,KULANTESWAR,8,1,2,11
Almora,Bhikia Sain,SYALDEY,KUMALESHWAR,55,13,10,78
Almora,Bhikia Sain,SYALDEY,KUSIACHAUN,38,14,3,55
Almora,Bhikia Sain,SYALDEY,LALNAGARI,61,23,5,89
Almora,Bhikia Sain,SYALDEY,MAGRUKHAL,30,14,2,46
Almora,Bhikia Sain,SYALDEY,MAHANGYARI,30,10,3,43
Almora,Bhikia Sain,SYALDEY,MAHAROLI MALLI,32,12,3,47
Almora,Bhikia Sain,SYALDEY,MAHAROLI TALLI,19,10,2,31
Almora,Bhikia Sain,SYALDEY,MASMOLI,33,15,1,49
Almora,Bhikia Sain,SYALDEY,MATKHANI,71,21,,92
Almora,Bhikia Sain,SYALDEY,METALA MALLA,22,6,7,35
Almora,Bhikia Sain,SYALDEY,MUNANI,64,15,9,88
Almora,Bhikia Sain,SYALDEY,NAIL,30,23,4,57
Almora,Bhikia Sain,SYALDEY,NAUGAON,22,8,1,31
Almora,Bhikia Sain,SYALDEY,OKHALYON,63,10,3,76
Almora,Bhikia Sain,SYALDEY,PAITHANA,46,29,5,80
Almora,Bhikia Sain,SYALDEY,PALPUR,37,14,8,59
Almora,Bhikia Sain,SYALDEY,PARTHOLA,47,23,3,73
Almora,Bhikia Sain,SYALDEY,PATALGOAN,40,10,6,56
Almora,Bhikia Sain,SYALDEY,PATTRARKHOLA,49,15,11,75
Almora,Bhikia Sain,SYALDEY,PIPALKHAL,37,9,1,47
Almora,Bhikia Sain,SYALDEY,ROTAPANI,36,13,2,51
Almora,Bhikia Sain,SYALDEY,RUDHOLI,41,22,5,68
Almora,Bhikia Sain,SYALDEY,SADE,24,10,3,37
Almora,Bhikia Sain,SYALDEY,SANADBHEEDA,19,,,19
Almora,Bhikia Sain,SYALDEY,SARAIKHET,52,12,6,70
Almora,Bhikia Sain,SYALDEY,SATED,36,14,2,52
Almora,Bhikia Sain,SYALDEY,SERA,36,9,3,48
Almora,Bhikia Sain,SYALDEY,SIMGAON,25,4,3,32
Almora,Bhikia Sain,SYALDEY,SIMLCHAURA,22,4,2,28
Almora,Bhikia Sain,SYALDEY,SUNOLI,44,7,1,52
Almora,Bhikia Sain,SYALDEY,SURMOLI,58,13,7,78
Almora,Bhikia Sain,SYALDEY,SYALDE BLANK,69,12,9,90
Almora,Bhikia Sain,SYALDEY,TALAI,35,8,3,46
Almora,Bhikia Sain,SYALDEY,TAMADHAUN,77,21,7,105
Almora,Bhikia Sain,SYALDEY,TIMILI,58,21,5,84
Almora,Bhikia Sain,SYALDEY,TITARI,57,9,2,68
Almora,Bhikia Sain,SYALDEY,TOLBUDHANI,46,12,4,62
Almora,Bhikia Sain,SYALDEY,UDAYPUR,71,18,11,100
Almora,Bhikia Sain,SYALDEY,UPARADI,111,16,6,133
Almora,Bhikia Sain,TARIKHET,BAINA-I,2,2,1,5
Almora,Bhikia Sain,TARIKHET,BAINA-II,1,,,1
Almora,Bhikia Sain,TARIKHET,GADSYRI,,,,0
Almora,Bhikia Sain,TARIKHET,KARAKOT,14,3,3,20
Almora,Bhikia Sain,TARIKHET,MUSOLI,,,,0
Almora,Bhikia Sain,TARIKHET,NAITI,4,1,,5
Almora,Bhikia Sain,TARIKHET,NAUBA,18,3,1,22
Almora,Bhikia Sain,TARIKHET,NAUGAON-I,3,,,3
Almora,Bhikia Sain,TARIKHET,PAPNEKOTHAR,1,,,1
Almora,Bhikia Sain,TARIKHET,SIMALDHAR,14,3,1,18
Almora,Bhikia Sain,TARIKHET,SIMOLI,1,,,1
Almora,Bhikia Sain,TARIKHET,TANA,,,,0
Almora,Chaukhutia,CHAUKHUTIA,ADIGRAM FULORIA,11,12,10,33
Almora,Chaukhutia,CHAUKHUTIA,ADIGRAM KANORIA,42,7,5,54
Almora,Chaukhutia,CHAUKHUTIA,AGAR MANRAL,33,22,2,57
Almora,Chaukhutia,CHAUKHUTIA,AKHORIA NAUGAON,53,10,6,69
Almora,Chaukhutia,CHAUKHUTIA,AMASYARI,30,11,3,44
Almora,Chaukhutia,CHAUKHUTIA,ASETI,38,9,4,51
Almora,Chaukhutia,CHAUKHUTIA,BAGARI,52,16,7,75
Almora,Chaukhutia,CHAUKHUTIA,BAGWALIKHET,16,7,1,24
Almora,Chaukhutia,CHAUKHUTIA,BAISOKHLA,41,20,3,64
Almora,Chaukhutia,CHAUKHUTIA,BAKHALI,26,7,3,36
Almora,Chaukhutia,CHAUKHUTIA,BAMANGAON,24,5,1,30
Almora,Chaukhutia,CHAUKHUTIA,BARALGAON,47,14,5,66
Almora,Chaukhutia,CHAUKHUTIA,BASARKHET,70,12,11,93
Almora,Chaukhutia,CHAUKHUTIA,BASBHIRA,52,21,5,78
Almora,Chaukhutia,CHAUKHUTIA,BHAGOTI,42,11,5,58
Almora,Chaukhutia,CHAUKHUTIA,BHANOTIA,29,12,1,42
Almora,Chaukhutia,CHAUKHUTIA,BHATKOT,70,21,8,99
Almora,Chaukhutia,CHAUKHUTIA,BHELT GAON,64,15,4,83
Almora,Chaukhutia,CHAUKHUTIA,BIJRANI,14,6,3,23
Almora,Chaukhutia,CHAUKHUTIA,BOHARAGAON,31,10,4,45
Almora,Chaukhutia,CHAUKHUTIA,CHANDIKHET,55,24,4,83
Almora,Chaukhutia,CHAUKHUTIA,CHAUKHUTIA,44,35,13,92
Almora,Chaukhutia,CHAUKHUTIA,CHAUNA,43,9,3,55
Almora,Chaukhutia,CHAUKHUTIA,CHHANA,17,3,1,21
Almora,Chaukhutia,CHAUKHUTIA,CHHANI,11,4,,15
Almora,Chaukhutia,CHAUKHUTIA,CHHITAR,84,20,8,112
Almora,Chaukhutia,CHAUKHUTIA,CHINONI,48,13,6,67
Almora,Chaukhutia,CHAUKHUTIA,CHITAILI,20,7,2,29
Almora,Chaukhutia,CHAUKHUTIA,CHULERASEEM,33,23,9,65
Almora,Chaukhutia,CHAUKHUTIA,DANG,31,11,6,48
Almora,Chaukhutia,CHAUKHUTIA,DANTOLA,25,9,3,37
Almora,Chaukhutia,CHAUKHUTIA,DHANAN,35,9,2,46
Almora,Chaukhutia,CHAUKHUTIA,DHAUN,38,16,9,63
Almora,Chaukhutia,CHAUKHUTIA,DHUDHALIA MAHAR,29,3,7,39
Almora,Chaukhutia,CHAUKHUTIA,DHUDHALIA MANRAL,45,37,6,88
Almora,Chaukhutia,CHAUKHUTIA,DIGAUT,17,13,5,35
Almora,Chaukhutia,CHAUKHUTIA,DUDHALIA BISHT,19,13,5,37
Almora,Chaukhutia,CHAUKHUTIA,FARIKA,43,6,3,52
Almora,Chaukhutia,CHAUKHUTIA,FULAI,13,9,2,24
Almora,Chaukhutia,CHAUKHUTIA,GADSYARI,54,29,6,89
Almora,Chaukhutia,CHAUKHUTIA,GAIRAR,30,10,2,42
Almora,Chaukhutia,CHAUKHUTIA,GAJAR,41,20,6,67
Almora,Chaukhutia,CHAUKHUTIA,GANAI,110,61,13,184
Almora,Chaukhutia,CHAUKHUTIA,GOGATA,16,5,,21
Almora,Chaukhutia,CHAUKHUTIA,GOPALGAON,5,4,,9
Almora,Chaukhutia,CHAUKHUTIA,GWALI,44,14,,58
Almora,Chaukhutia,CHAUKHUTIA,HATJHALA,89,31,9,129
Almora,Chaukhutia,CHAUKHUTIA,JALA,26,15,3,44
Almora,Chaukhutia,CHAUKHUTIA,JAMANIA,73,35,5,113
Almora,Chaukhutia,CHAUKHUTIA,JETHA,26,10,3,39
Almora,Chaukhutia,CHAUKHUTIA,JETHUWA,56,5,4,65
Almora,Chaukhutia,CHAUKHUTIA,JHALA,11,,1,12
Almora,Chaukhutia,CHAUKHUTIA,JHORUNGA,39,16,2,57
Almora,Chaukhutia,CHAUKHUTIA,KABDOLA,16,5,2,23
Almora,Chaukhutia,CHAUKHUTIA,KABDOLI,15,8,6,29
Almora,Chaukhutia,CHAUKHUTIA,KAKARKHET,30,12,1,43
Almora,Chaukhutia,CHAUKHUTIA,KANAUNI,44,18,7,69
Almora,Chaukhutia,CHAUKHUTIA,KANOLI TALLI,8,,1,9
Almora,Chaukhutia,CHAUKHUTIA,KANRE,41,12,7,60
Almora,Chaukhutia,CHAUKHUTIA,KHAJURANI,53,17,4,74
Almora,Chaukhutia,CHAUKHUTIA,KHANULI,31,14,2,47
Almora,Chaukhutia,CHAUKHUTIA,KHARAKTAYA,43,13,2,58
Almora,Chaukhutia,CHAUKHUTIA,KHATYARI,37,22,4,63
Almora,Chaukhutia,CHAUKHUTIA,KHIRA,128,35,13,176
Almora,Chaukhutia,CHAUKHUTIA,KOTYURA MASI,119,39,14,172
Almora,Chaukhutia,CHAUKHUTIA,KOTYURA TAAL,33,7,,40
Almora,Chaukhutia,CHAUKHUTIA,LALURI,34,2,3,39
Almora,Chaukhutia,CHAUKHUTIA,MADKUWAKHAL,25,17,7,49
Almora,Chaukhutia,CHAUKHUTIA,MAHATGAON,28,13,2,43
Almora,Chaukhutia,CHAUKHUTIA,MASI,87,21,10,118
Almora,Chaukhutia,CHAUKHUTIA,MEHALCHAURA,55,19,3,77
Almora,Chaukhutia,CHAUKHUTIA,MOHANA,23,9,1,33
Almora,Chaukhutia,CHAUKHUTIA,NAGAAD,59,29,12,100
Almora,Chaukhutia,CHAUKHUTIA,NAUGAON,58,24,5,87
Almora,Chaukhutia,CHAUKHUTIA,NAYONI,8,2,1,11
Almora,Chaukhutia,CHAUKHUTIA,NOUGON BAIDIYA,26,9,4,39
Almora,Chaukhutia,CHAUKHUTIA,PALI,64,24,6,94
Almora,Chaukhutia,CHAUKHUTIA,PAN,48,15,3,66
Almora,Chaukhutia,CHAUKHUTIA,PATALGAON,31,4,2,37
Almora,Chaukhutia,CHAUKHUTIA,PIPALDHAR,33,22,2,57
Almora,Chaukhutia,CHAUKHUTIA,PUNIABAGAR,11,3,2,16
Almora,Chaukhutia,CHAUKHUTIA,QUERALI,64,24,5,93
Almora,Chaukhutia,CHAUKHUTIA,RAMNA GAON,10,,,10
Almora,Chaukhutia,CHAUKHUTIA,RAMPUR,74,33,9,116
Almora,Chaukhutia,CHAUKHUTIA,RITHACHAURA,20,8,1,29
Almora,Chaukhutia,CHAUKHUTIA,SAUN GAON,35,18,4,57
Almora,Chaukhutia,CHAUKHUTIA,SEEMA,54,9,2,65
Almora,Chaukhutia,CHAUKHUTIA,SEERA,23,7,3,33
Almora,Chaukhutia,CHAUKHUTIA,SIMALKHET,70,38,9,117
Almora,Chaukhutia,CHAUKHUTIA,SIROLI,55,19,6,80
Almora,Chaukhutia,CHAUKHUTIA,SUNGARI,33,11,4,48
Almora,Chaukhutia,CHAUKHUTIA,SURNA RIKHARI,24,4,1,29
Almora,Chaukhutia,CHAUKHUTIA,TAJPUR MALLA,15,12,2,29
Almora,Chaukhutia,CHAUKHUTIA,TALLA TAJPUR,29,7,8,44
Almora,Chaukhutia,CHAUKHUTIA,TATAL GAON,45,20,9,74
Almora,Chaukhutia,CHAUKHUTIA,TEDHA GAON,16,1,,17
Almora,Chaukhutia,CHAUKHUTIA,THAPALA,16,11,4,31
Almora,Chaukhutia,CHAUKHUTIA,TIMTA,40,12,4,56
Almora,Chaukhutia,CHAUKHUTIA,UDALIAKHAN,30,23,6,59
Almora,Chaukhutia,CHAUKHUTIA,ULAINI,53,22,6,81
Almora,Chaukhutia,CHAUKHUTIA,UNCHAWAHAN,26,9,1,36
Almora,Chaukhutia,CHAUKHUTIA,VERATI,41,7,2,50
Almora,Chaukhutia,TARIKHET,BOHARAGAON,7,7,,14
Almora,Chaukhutia,TARIKHET,SARNA,,,,0
Almora,Dwarahat,BHIKIASAIN,BHANTI,6,,,6
Almora,Dwarahat,BHIKIASAIN,BHASI KAFLANI,18,1,1,20
Almora,Dwarahat,BHIKIASAIN,BUDHALI,11,3,,14
Almora,Dwarahat,BHIKIASAIN,CHAUDA,4,1,,5
Almora,Dwarahat,BHIKIASAIN,CHAUNIA,2,1,,3
Almora,Dwarahat,BHIKIASAIN,CHAURA (BAIGAR),9,1,2,12
Almora,Dwarahat,BHIKIASAIN,DAHAL,8,,1,9
Almora,Dwarahat,BHIKIASAIN,DANGARKHOLA,5,1,2,8
Almora,Dwarahat,BHIKIASAIN,DHAMERA,5,,,5
Almora,Dwarahat,BHIKIASAIN,DHAULA,8,2,,10
Almora,Dwarahat,BHIKIASAIN,GHUGHUTI,9,,,9
Almora,Dwarahat,BHIKIASAIN,JALALI,16,2,,18
Almora,Dwarahat,BHIKIASAIN,KHARAK,2,,,2
Almora,Dwarahat,BHIKIASAIN,MASON,7,3,,10
Almora,Dwarahat,BHIKIASAIN,MATELA,,,,0
Almora,Dwarahat,BHIKIASAIN,MAYOLI,4,1,,5
Almora,Dwarahat,BHIKIASAIN,MUNIACHAURA,17,2,,19
Almora,Dwarahat,BHIKIASAIN,NAGARJUN,5,1,,6
Almora,Dwarahat,BHIKIASAIN,NAUBARA,4,,,4
Almora,Dwarahat,BHIKIASAIN,NIRKOT,8,,,8
Almora,Dwarahat,BHIKIASAIN,PADYULA,6,1,1,8
Almora,Dwarahat,BHIKIASAIN,PALI,2,,1,3
Almora,Dwarahat,BHIKIASAIN,PATAS,,,,0
Almora,Dwarahat,BHIKIASAIN,RIKHARI,,,,0
Almora,Dwarahat,BHIKIASAIN,RUPANAULI,2,,,2
Almora,Dwarahat,BHIKIASAIN,SANNE,12,2,1,15
Almora,Dwarahat,BHIKIASAIN,SHILANG,,,,0
Almora,Dwarahat,BHIKIASAIN,SURE,7,2,,9
Almora,Dwarahat,BHIKIASAIN,TAKULTI,3,2,,5
Almora,Dwarahat,DWARAHAT,AINA,41,31,3,75
Almora,Dwarahat,DWARAHAT,AIRADI,8,2,1,11
Almora,Dwarahat,DWARAHAT,ALMIYAGAON,37,22,7,66
Almora,Dwarahat,DWARAHAT,ASGOLI,98,36,13,147
Almora,Dwarahat,DWARAHAT,BABURKHOLA,28,24,8,60
Almora,Dwarahat,DWARAHAT,BAINALI,38,20,1,59
Almora,Dwarahat,DWARAHAT,BAMANPURI,12,8,5,25
Almora,Dwarahat,DWARAHAT,BANOLI,33,8,12,53
Almora,Dwarahat,DWARAHAT,BARET,32,11,3,46
Almora,Dwarahat,DWARAHAT,BARI,14,8,1,23
Almora,Dwarahat,DWARAHAT,BASERA,57,16,7,80
Almora,Dwarahat,DWARAHAT,BASULISERA,57,26,4,87
Almora,Dwarahat,DWARAHAT,BAWAN,17,3,1,21
Almora,Dwarahat,DWARAHAT,BAYELA,35,13,5,53
Almora,Dwarahat,DWARAHAT,BEDHULI,26,11,4,41
Almora,Dwarahat,DWARAHAT,BHAISOLI,51,24,6,81
Almora,Dwarahat,DWARAHAT,BHANDARGAON,65,32,9,106
Almora,Dwarahat,DWARAHAT,BHAT KOT,8,,1,9
Almora,Dwarahat,DWARAHAT,BHATAURA,66,34,9,109
Almora,Dwarahat,DWARAHAT,BHET,51,23,4,78
Almora,Dwarahat,DWARAHAT,BHUMKIA,19,11,6,36
Almora,Dwarahat,DWARAHAT,BINTA,47,30,9,86
Almora,Dwarahat,DWARAHAT,BOONGA,29,12,9,50
Almora,Dwarahat,DWARAHAT,CHAMINI,44,12,4,60
Almora,Dwarahat,DWARAHAT,CHATENA,61,14,5,80
Almora,Dwarahat,DWARAHAT,CHATGULA,51,17,4,72
Almora,Dwarahat,DWARAHAT,CHHABISSA,48,10,1,59
Almora,Dwarahat,DWARAHAT,CHHANA,26,19,4,49
Almora,Dwarahat,DWARAHAT,CHYALI,50,27,13,90
Almora,Dwarahat,DWARAHAT,DADGALIYA,56,29,10,95
Almora,Dwarahat,DWARAHAT,DAINA,16,6,2,24
Almora,Dwarahat,DWARAHAT,DAIRI,17,12,12,41
Almora,Dwarahat,DWARAHAT,DALMOTI,23,3,4,30
Almora,Dwarahat,DWARAHAT,DARMAR,66,12,6,84
Almora,Dwarahat,DWARAHAT,DHANKHALGOAN,33,12,7,52
Almora,Dwarahat,DWARAHAT,DHANKHOLI,12,3,4,19
Almora,Dwarahat,DWARAHAT,DHANYARI,15,2,1,18
Almora,Dwarahat,DWARAHAT,DHARAMGAON,14,11,4,29
Almora,Dwarahat,DWARAHAT,DHAULARGUNTH,29,4,3,36
Almora,Dwarahat,DWARAHAT,DIDA,34,21,3,58
Almora,Dwarahat,DWARAHAT,DOTALGAON,92,27,5,124
Almora,Dwarahat,DWARAHAT,DUDHOLI,33,25,4,62
Almora,Dwarahat,DWARAHAT,DWARAHAT,42,42,11,95
Almora,Dwarahat,DWARAHAT,FALDWARI,26,5,5,36
Almora,Dwarahat,DWARAHAT,GANOLI,48,17,6,71
Almora,Dwarahat,DWARAHAT,GAWAD,47,22,8,77
Almora,Dwarahat,DWARAHAT,GHAGHLORI,25,8,3,36
Almora,Dwarahat,DWARAHAT,GUPTALI,1,4,,5
Almora,Dwarahat,DWARAHAT,IDA,143,65,11,219
Almora,Dwarahat,DWARAHAT,IDASERA,30,18,8,56
Almora,Dwarahat,DWARAHAT,JAKH,43,16,2,61
Almora,Dwarahat,DWARAHAT,JAMAD,24,10,7,41
Almora,Dwarahat,DWARAHAT,JAMINIPAR,26,1,3,30
Almora,Dwarahat,DWARAHAT,JAMINIWAR,32,9,,41
Almora,Dwarahat,DWARAHAT,KAFADA,39,20,2,61
Almora,Dwarahat,DWARAHAT,KAMA,40,27,9,76
Almora,Dwarahat,DWARAHAT,KANDEY,36,9,4,49
Almora,Dwarahat,DWARAHAT,KAULA,22,23,2,47
Almora,Dwarahat,DWARAHAT,KHALI TALLI,25,8,2,35
Almora,Dwarahat,DWARAHAT,KHALNA,43,9,7,59
Almora,Dwarahat,DWARAHAT,KOONA,11,4,4,19
Almora,Dwarahat,DWARAHAT,KOTILA,31,15,3,49
Almora,Dwarahat,DWARAHAT,KOTYURA,5,3,,8
Almora,Dwarahat,DWARAHAT,KUI,41,9,4,54
Almora,Dwarahat,DWARAHAT,KULSIBI,69,28,6,103
Almora,Dwarahat,DWARAHAT,KUMALTA,59,11,1,71
Almora,Dwarahat,DWARAHAT,KUNSYARI,52,15,5,72
Almora,Dwarahat,DWARAHAT,KUNTHYRI,20,7,2,29
Almora,Dwarahat,DWARAHAT,KUWALI,67,25,6,98
Almora,Dwarahat,DWARAHAT,MAHATGAON,27,14,5,46
Almora,Dwarahat,DWARAHAT,MAJETHI,13,3,,16
Almora,Dwarahat,DWARAHAT,MALLI BITHOLI,66,22,4,92
Almora,Dwarahat,DWARAHAT,MALLI KIROLI,47,21,4,72
Almora,Dwarahat,DWARAHAT,MALLI MIRAI,89,89,21,199
Almora,Dwarahat,DWARAHAT,MALYALGAON,28,8,9,45
Almora,Dwarahat,DWARAHAT,MANELA,37,19,11,67
Almora,Dwarahat,DWARAHAT,MASAR,20,7,3,30
Almora,Dwarahat,DWARAHAT,MATELA-1,59,23,5,87
Almora,Dwarahat,DWARAHAT,MATELA2,7,3,,10
Almora,Dwarahat,DWARAHAT,MELTA,22,10,1,33
Almora,Dwarahat,DWARAHAT,NAIDI,39,14,5,58
Almora,Dwarahat,DWARAHAT,NAINI-1,18,17,7,42
Almora,Dwarahat,DWARAHAT,NAINI-2,8,,,8
Almora,Dwarahat,DWARAHAT,NATTAGULLI,25,20,6,51
Almora,Dwarahat,DWARAHAT,NAULAKOT,58,27,18,103
Almora,Dwarahat,DWARAHAT,NAUSAR,17,9,1,27
Almora,Dwarahat,DWARAHAT,NAYAL- 2,26,1,4,31
Almora,Dwarahat,DWARAHAT,NAYAL-1,32,16,5,53
Almora,Dwarahat,DWARAHAT,ODCHAUNALIYA,28,8,8,44
Almora,Dwarahat,DWARAHAT,PAGSA,32,20,5,57
Almora,Dwarahat,DWARAHAT,PAITHANI,44,15,2,61
Almora,Dwarahat,DWARAHAT,PANERGOAN,15,7,2,24
Almora,Dwarahat,DWARAHAT,PARKOT,30,16,7,53
Almora,Dwarahat,DWARAHAT,PINOLI,6,,,6
Almora,Dwarahat,DWARAHAT,RADA,42,9,10,61
Almora,Dwarahat,DWARAHAT,RATKHAL,46,10,8,64
Almora,Dwarahat,DWARAHAT,Rawadi,54,24,4,82
Almora,Dwarahat,DWARAHAT,RAWALSERA,15,8,2,25
Almora,Dwarahat,DWARAHAT,RIYUNI MALLI,93,47,14,154
Almora,Dwarahat,DWARAHAT,RIYUNI TALLI,51,20,9,80
Almora,Dwarahat,DWARAHAT,SAKUNI,30,17,3,50
Almora,Dwarahat,DWARAHAT,SALNA,82,28,8,118
Almora,Dwarahat,DWARAHAT,SATI NAUGAON,50,23,4,77
Almora,Dwarahat,DWARAHAT,SELISUNOLI,30,2,1,33
Almora,Dwarahat,DWARAHAT,SIMALGAON,37,16,6,59
Almora,Dwarahat,DWARAHAT,SIMOLI,19,3,3,25
Almora,Dwarahat,DWARAHAT,SURNA,46,28,3,77
Almora,Dwarahat,DWARAHAT,SUTARGAON,30,8,13,51
Almora,Dwarahat,DWARAHAT,TAILI SUNOLI,28,7,2,37
Almora,Dwarahat,DWARAHAT,TALLI MIRAI,72,36,9,117
Almora,Dwarahat,DWARAHAT,TIPAULA,23,7,3,33
Almora,Dwarahat,DWARAHAT,TODRA,22,13,3,38
Almora,Dwarahat,DWARAHAT,UBHYARI,14,1,2,17
Almora,Dwarahat,DWARAHAT,UROLI,52,16,4,72
Almora,Dwarahat,DWARAHAT,VALNA,15,6,3,24
Almora,Dwarahat,DWARAHAT,VIJAYPUR,56,26,8,90
Almora,Dwarahat,TARIKHET,ABHYADI,1,1,,2
Almora,Dwarahat,TARIKHET,BAJINA,,,,0
Almora,Dwarahat,TARIKHET,GUDHOLI,,,,0
Almora,Dwarahat,TARIKHET,GUMTA,,,,0
Almora,Dwarahat,TARIKHET,IRA,10,2,,12
Almora,Dwarahat,TARIKHET,MATELA MANIHAR,,,,0
Almora,Dwarahat,TARIKHET,NAITI,,,,0
Almora,Dwarahat,TARIKHET,VALNA,1,,,1
Almora,Jainti,LAMGARA,AANULI,43,4,3,50
Almora,Jainti,LAMGARA,AARAKHET,32,2,5,39
Almora,Jainti,LAMGARA,BACHKANDEY,35,2,2,39
Almora,Jainti,LAMGARA,BADIYAR RAIT,14,,2,16
Almora,Jainti,LAMGARA,BAIGNIYA,17,2,4,23
Almora,Jainti,LAMGARA,BAJETHI,10,1,9,20
Almora,Jainti,LAMGARA,BALIYA,12,,3,15
Almora,Jainti,LAMGARA,BARAKOT,69,11,16,96
Almora,Jainti,LAMGARA,BASGAON,23,8,5,36
Almora,Jainti,LAMGARA,BHABU,20,3,3,26
Almora,Jainti,LAMGARA,BHAGADEWALI,116,31,14,161
Almora,Jainti,LAMGARA,BHAISODA,3,1,2,6
Almora,Jainti,LAMGARA,BHATKOT,9,1,1,11
Almora,Jainti,LAMGARA,BHTYURA TALLA,53,5,8,66
Almora,Jainti,LAMGARA,BINOLA MALLA,38,6,7,51
Almora,Jainti,LAMGARA,BINOLA TALLA,18,3,4,25
Almora,Jainti,LAMGARA,BISAUDKOT,24,4,2,30
Almora,Jainti,LAMGARA,BUDHAN,18,2,4,24
Almora,Jainti,LAMGARA,CHAUKUNA,100,5,20,125
Almora,Jainti,LAMGARA,CHAUMU,17,1,6,24
Almora,Jainti,LAMGARA,CHHANKHARKOTA,82,22,7,111
Almora,Jainti,LAMGARA,CHIRATINMINA,39,2,7,48
Almora,Jainti,LAMGARA,CHUPDA,25,5,4,34
Almora,Jainti,LAMGARA,DAMAR,41,7,3,51
Almora,Jainti,LAMGARA,DARIMI,89,20,7,116
Almora,Jainti,LAMGARA,DHAURA,14,2,11,27
Almora,Jainti,LAMGARA,DHURA SANGROLI,65,7,12,84
Almora,Jainti,LAMGARA,DHYULI DHAUNI,23,9,2,34
Almora,Jainti,LAMGARA,DHYULI RAUTELA,37,11,7,55
Almora,Jainti,LAMGARA,DOGHOURIA,19,6,1,26
Almora,Jainti,LAMGARA,DOL,119,29,21,169
Almora,Jainti,LAMGARA,DOTHA,14,,3,17
Almora,Jainti,LAMGARA,FATQUAL DUNGARA,45,3,2,50
Almora,Jainti,LAMGARA,FUTA,22,1,4,27
Almora,Jainti,LAMGARA,GANAO,37,8,7,52
Almora,Jainti,LAMGARA,GUTHOULI,10,4,3,17
Almora,Jainti,LAMGARA,JHALDUNGARA,52,3,5,60
Almora,Jainti,LAMGARA,JOSHIDHURA,15,4,7,26
Almora,Jainti,LAMGARA,KALADUNGRA,18,2,5,25
Almora,Jainti,LAMGARA,KANARA,36,15,5,56
Almora,Jainti,LAMGARA,KANDEY,43,8,12,63
Almora,Jainti,LAMGARA,KHANKAR,86,3,16,105
Almora,Jainti,LAMGARA,KOKILAGAON,16,1,2,19
Almora,Jainti,LAMGARA,KOORI,46,11,2,59
Almora,Jainti,LAMGARA,KUMALSON,53,5,7,65
Almora,Jainti,LAMGARA,KUNJ,42,4,6,52
Almora,Jainti,LAMGARA,KUTAULI,54,10,15,79
Almora,Jainti,LAMGARA,LAMKOT,37,13,13,63
Almora,Jainti,LAMGARA,LOHANA,32,6,8,46
Almora,Jainti,LAMGARA,LWALI,22,4,3,29
Almora,Jainti,LAMGARA,MALLI CHOUNALI,7,2,3,12
Almora,Jainti,LAMGARA,MERGOAN,36,8,4,48
Almora,Jainti,LAMGARA,MIROLI,18,4,3,25
Almora,Jainti,LAMGARA,MORPATYUDI,41,9,3,53
Almora,Jainti,LAMGARA,NAIDI,10,,5,15
Almora,Jainti,LAMGARA,NATADOL,85,13,15,113
Almora,Jainti,LAMGARA,NAYA SANGROLI,63,11,15,89
Almora,Jainti,LAMGARA,NIRAI,26,6,4,36
Almora,Jainti,LAMGARA,PALNA,7,1,6,14
Almora,Jainti,LAMGARA,PITNA,27,3,2,32
Almora,Jainti,LAMGARA,PUBHAO,66,26,9,101
Almora,Jainti,LAMGARA,QWETA,59,14,9,82
Almora,Jainti,LAMGARA,RANAO,43,2,3,48
Almora,Jainti,LAMGARA,RATKHAN,17,,4,21
Almora,Jainti,LAMGARA,SAINOLI,64,9,11,84
Almora,Jainti,LAMGARA,SANGARSAHU,59,4,3,66
Almora,Jainti,LAMGARA,SATYU,18,2,5,25
Almora,Jainti,LAMGARA,SELTA CHAPAR,84,14,7,105
Almora,Jainti,LAMGARA,SILPAD,51,6,3,60
Almora,Jainti,LAMGARA,SIRSAUDA,18,,5,23
Almora,Jainti,LAMGARA,SUNADI,40,5,8,53
Almora,Jainti,LAMGARA,SURCHORA,58,8,10,76
Almora,Jainti,LAMGARA,SURI,32,2,4,38
Almora,Jainti,LAMGARA,SURKHAL,70,7,1,78
Almora,Jainti,LAMGARA,SYUNANI,38,1,3,42
Almora,Jainti,LAMGARA,TADAINI,45,12,3,60
Almora,Jainti,LAMGARA,THAMTHOLI,59,13,9,81
Almora,Jainti,LAMGARA,THATH,21,3,4,28
Almora,Jainti,LAMGARA,TIKAR,38,2,7,47
Almora,Jainti,LAMGARA,TOLI,29,5,14,48
Almora,Jainti,LAMGARA,TULEDI,7,4,14,25
Almora,Jainti,LAMGARA,TYUNARA,16,1,7,24
Almora,Jainti,LAMGARA,UDIYARI,61,12,5,78
Almora,Jainti,LAMGARA,UNYUDA,19,5,11,35
Almora,Jainti,LAMGARA,WADYUDA,15,,7,22
Almora,Ranikhet,CHAUKHUTIA,ADIGRAM KANORIA,,,,0
Almora,Ranikhet,CHAUKHUTIA,AGAR MANRAL,,,,0
Almora,Ranikhet,CHAUKHUTIA,BAGWALIKHET,,,,0
Almora,Ranikhet,CHAUKHUTIA,BAISOKHLA,,,,0
Almora,Ranikhet,CHAUKHUTIA,BARALGAON,,,,0
Almora,Ranikhet,CHAUKHUTIA,BASARKHET,,,,0
Almora,Ranikhet,CHAUKHUTIA,BASBHIRA,,,,0
Almora,Ranikhet,CHAUKHUTIA,BHAGOTI,,,,0
Almora,Ranikhet,CHAUKHUTIA,BHANOTIA,,,,0
Almora,Ranikhet,CHAUKHUTIA,BHATKOT,1,,,1
Almora,Ranikhet,CHAUKHUTIA,BHELT GAON,,,,0
Almora,Ranikhet,CHAUKHUTIA,DHANAN,1,,,1
Almora,Ranikhet,CHAUKHUTIA,GAIRAR,,,,0
Almora,Ranikhet,CHAUKHUTIA,GAJAR,,,,0
Almora,Ranikhet,CHAUKHUTIA,GANAI,2,,,2
Almora,Ranikhet,CHAUKHUTIA,GOPALGAON,,,,0
Almora,Ranikhet,CHAUKHUTIA,GWALI,,,,0
Almora,Ranikhet,CHAUKHUTIA,JHORUNGA,,,,0
Almora,Ranikhet,CHAUKHUTIA,KANAUNI,,,,0
Almora,Ranikhet,CHAUKHUTIA,KHAJURANI,,,,0
Almora,Ranikhet,CHAUKHUTIA,KHANULI,,,,0
Almora,Ranikhet,CHAUKHUTIA,KHARAKTAYA,,,,0
Almora,Ranikhet,CHAUKHUTIA,KHATYARI,1,,,1
Almora,Ranikhet,CHAUKHUTIA,KHIRA,,,,0
Almora,Ranikhet,CHAUKHUTIA,KOTYURA MASI,1,,,1
Almora,Ranikhet,CHAUKHUTIA,LALURI,,,,0
Almora,Ranikhet,CHAUKHUTIA,MEHALCHAURA,,,,0
Almora,Ranikhet,CHAUKHUTIA,PATALGAON,,,,0
Almora,Ranikhet,CHAUKHUTIA,QUERALI,1,,,1
Almora,Ranikhet,CHAUKHUTIA,RAMPUR,,,,0
Almora,Ranikhet,CHAUKHUTIA,RITHACHAURA,,,,0
Almora,Ranikhet,CHAUKHUTIA,SAUN GAON,,,,0
Almora,Ranikhet,CHAUKHUTIA,SEEMA,,,,0
Almora,Ranikhet,CHAUKHUTIA,TAJPUR MALLA,,,,0
Almora,Ranikhet,CHAUKHUTIA,TATAL GAON,1,,,1
Almora,Ranikhet,CHAUKHUTIA,UNCHAWAHAN,,,,0
Almora,Ranikhet,DWARAHAT,AINA,16,2,,18
Almora,Ranikhet,DWARAHAT,ASGOLI,,,,0
Almora,Ranikhet,DWARAHAT,BABURKHOLA,17,5,4,26
Almora,Ranikhet,DWARAHAT,BAKLANI,12,1,,13
Almora,Ranikhet,DWARAHAT,BASERA,,,,0
Almora,Ranikhet,DWARAHAT,BAYELA,1,2,,3
Almora,Ranikhet,DWARAHAT,BEDHULI,,,,0
Almora,Ranikhet,DWARAHAT,BHAISOLI,16,2,3,21
Almora,Ranikhet,DWARAHAT,BHANDARGAON,,,,0
Almora,Ranikhet,DWARAHAT,BHATAURA,,,,0
Almora,Ranikhet,DWARAHAT,BHATKOT,1,4,1,6
Almora,Ranikhet,DWARAHAT,BHET,,,,0
Almora,Ranikhet,DWARAHAT,BHITAR KOT,13,4,1,18
Almora,Ranikhet,DWARAHAT,DADGALIYA,8,10,5,23
Almora,Ranikhet,DWARAHAT,DALMOTI,9,1,,10
Almora,Ranikhet,DWARAHAT,DHANKHOLI,10,2,,12
Almora,Ranikhet,DWARAHAT,DHAULARGUNTH,,,,0
Almora,Ranikhet,DWARAHAT,DIDA,17,3,2,22
Almora,Ranikhet,DWARAHAT,DIGOTI,16,2,2,20
Almora,Ranikhet,DWARAHAT,DUDHOLI,,,,0
Almora,Ranikhet,DWARAHAT,GANOLI,5,,,5
Almora,Ranikhet,DWARAHAT,GHAGHLORI,,,,0
Almora,Ranikhet,DWARAHAT,KAFADA,,,,0
Almora,Ranikhet,DWARAHAT,KANDEY,,,,0
Almora,Ranikhet,DWARAHAT,KULSIBI,12,4,2,18
Almora,Ranikhet,DWARAHAT,KUWALI,18,2,2,22
Almora,Ranikhet,DWARAHAT,MAHATGAON,13,3,2,18
Almora,Ranikhet,DWARAHAT,MAJETHI,2,,,2
Almora,Ranikhet,DWARAHAT,MALYAL GAON,5,1,,6
Almora,Ranikhet,DWARAHAT,MUJHOLI,54,16,9,79
Almora,Ranikhet,DWARAHAT,NAIDEE,5,2,1,8
Almora,Ranikhet,DWARAHAT,NAIDI RIYUNI,15,2,1,18
Almora,Ranikhet,DWARAHAT,NAULAKOT,,,,0
Almora,Ranikhet,DWARAHAT,PAGSA,23,3,,26
Almora,Ranikhet,DWARAHAT,RIYUNI MALLI,30,8,1,39
Almora,Ranikhet,DWARAHAT,RIYUNI TALLI,31,2,1,34
Almora,Ranikhet,DWARAHAT,SIMOLI,4,,1,5
Almora,Ranikhet,DWARAHAT,SUTARGAON,20,1,1,22
Almora,Ranikhet,DWARAHAT,UROLI,7,4,3,14
Almora,Ranikhet,DWARAHAT,VIJAYPUR,1,,,1
Almora,Ranikhet,TARIKHET,ABHYADI,52,29,5,86
Almora,Ranikhet,TARIKHET,AIRADI,20,12,4,36
Almora,Ranikhet,TARIKHET,AIROLI,48,27,12,87
Almora,Ranikhet,TARIKHET,ALMIYAKANDEY,56,12,8,76
Almora,Ranikhet,TARIKHET,AROD,27,15,5,47
Almora,Ranikhet,TARIKHET,ASHWALKOTYUDA,21,6,3,30
Almora,Ranikhet,TARIKHET,BADHAN,45,47,10,102
Almora,Ranikhet,TARIKHET,BAGUNA,41,22,3,66
Almora,Ranikhet,TARIKHET,BAGWALI RAUTELA,40,11,2,53
Almora,Ranikhet,TARIKHET,BAINA-I,32,9,4,45
Almora,Ranikhet,TARIKHET,BAINA-II,25,4,3,32
Almora,Ranikhet,TARIKHET,BAJINA,25,9,6,40
Almora,Ranikhet,TARIKHET,BAMSYU,59,37,7,103
Almora,Ranikhet,TARIKHET,BANGODA,27,7,1,35
Almora,Ranikhet,TARIKHET,BAYEDI,33,8,6,47
Almora,Ranikhet,TARIKHET,BERGAON,50,20,5,75
Almora,Ranikhet,TARIKHET,BHARGOAN,41,22,4,67
Almora,Ranikhet,TARIKHET,BILLEKH,116,28,7,151
Almora,Ranikhet,TARIKHET,BISHT KOTALI,34,16,6,56
Almora,Ranikhet,TARIKHET,BOHARAGAON,40,12,5,57
Almora,Ranikhet,TARIKHET,CHALSIA PADOLI,33,9,6,48
Almora,Ranikhet,TARIKHET,CHAMDOLI BAGOTI,31,11,3,45
Almora,Ranikhet,TARIKHET,CHAMOLI,29,10,5,44
Almora,Ranikhet,TARIKHET,CHAPAD,83,39,8,130
Almora,Ranikhet,TARIKHET,CHAUKUNI,48,9,10,67
Almora,Ranikhet,TARIKHET,CHAUNA,45,18,8,71
Almora,Ranikhet,TARIKHET,DADHULI,31,6,2,39
Almora,Ranikhet,TARIKHET,DEHOLI,13,6,2,21
Almora,Ranikhet,TARIKHET,DINGA,27,15,7,49
Almora,Ranikhet,TARIKHET,DOBA,35,16,5,56
Almora,Ranikhet,TARIKHET,DORAB,35,5,2,42
Almora,Ranikhet,TARIKHET,DUBHADA,42,14,1,57
Almora,Ranikhet,TARIKHET,DUGAUDA,59,29,8,96
Almora,Ranikhet,TARIKHET,DUNGRA,24,11,,35
Almora,Ranikhet,TARIKHET,DUNI,40,17,5,62
Almora,Ranikhet,TARIKHET,FALDWARI,40,20,8,68
Almora,Ranikhet,TARIKHET,GADI,22,9,6,37
Almora,Ranikhet,TARIKHET,GADSYRI,71,28,10,109
Almora,Ranikhet,TARIKHET,GAIRAD,33,18,4,55
Almora,Ranikhet,TARIKHET,GANGODA,48,24,11,83
Almora,Ranikhet,TARIKHET,GATOLI,8,3,,11
Almora,Ranikhet,TARIKHET,GHINGARI,9,1,1,11
Almora,Ranikhet,TARIKHET,GUDHOLI,26,14,6,46
Almora,Ranikhet,TARIKHET,GUMTA,50,20,8,78
Almora,Ranikhet,TARIKHET,HADOLI,,,,0
Almora,Ranikhet,TARIKHET,HARADE,44,18,5,67
Almora,Ranikhet,TARIKHET,HAROLI GANOLI,24,16,3,43
Almora,Ranikhet,TARIKHET,HIDAM,44,11,3,58
Almora,Ranikhet,TARIKHET,INAD,29,6,2,37
Almora,Ranikhet,TARIKHET,IRA,61,6,5,72
Almora,Ranikhet,TARIKHET,JAINOLI,42,29,3,74
Almora,Ranikhet,TARIKHET,JAL,30,4,2,36
Almora,Ranikhet,TARIKHET,JANTA,48,12,4,64
Almora,Ranikhet,TARIKHET,JHALODI,72,28,8,108
Almora,Ranikhet,TARIKHET,JOGYADI,25,12,1,38
Almora,Ranikhet,TARIKHET,JYUDA,33,18,9,60
Almora,Ranikhet,TARIKHET,KALNU,15,6,6,27
Almora,Ranikhet,TARIKHET,KAPEENA,49,23,3,75
Almora,Ranikhet,TARIKHET,KARAKOT,17,13,1,31
Almora,Ranikhet,TARIKHET,KARCHULI,30,12,7,49
Almora,Ranikhet,TARIKHET,KHAGYAD,46,15,5,66
Almora,Ranikhet,TARIKHET,KHAN,14,6,2,22
Almora,Ranikhet,TARIKHET,KHANIA,12,12,1,25
Almora,Ranikhet,TARIKHET,KHARKHET,18,6,3,27
Almora,Ranikhet,TARIKHET,KHUDOLI,31,16,2,49
Almora,Ranikhet,TARIKHET,KHUNSALKOT,77,26,8,111
Almora,Ranikhet,TARIKHET,LACHHINA,53,24,5,82
Almora,Ranikhet,TARIKHET,MAJGAON,61,19,4,84
Almora,Ranikhet,TARIKHET,MAKRON,34,20,3,57
Almora,Ranikhet,TARIKHET,MALAUNA,36,18,6,60
Almora,Ranikhet,TARIKHET,MALLA DABHAR,22,5,4,31
Almora,Ranikhet,TARIKHET,MALLA VISHWA,39,21,9,69
Almora,Ranikhet,TARIKHET,MANARI,61,7,10,78
Almora,Ranikhet,TARIKHET,MANDALKOT,52,7,6,65
Almora,Ranikhet,TARIKHET,MANGCHAURA,48,31,5,84
Almora,Ranikhet,TARIKHET,MATELA,91,28,16,135
Almora,Ranikhet,TARIKHET,MATELA MANIHAR,33,12,2,47
Almora,Ranikhet,TARIKHET,MATILA,61,19,7,87
Almora,Ranikhet,TARIKHET,MAUNA,50,24,15,89
Almora,Ranikhet,TARIKHET,MEHALKHAND,25,6,3,34
Almora,Ranikhet,TARIKHET,MOVADI,70,33,14,117
Almora,Ranikhet,TARIKHET,MUSOLI,79,24,4,107
Almora,Ranikhet,TARIKHET,NAFAD,20,10,3,33
Almora,Ranikhet,TARIKHET,NAITI,32,8,4,44
Almora,Ranikhet,TARIKHET,NAUBA,27,15,1,43
Almora,Ranikhet,TARIKHET,NAUGAON-I,87,40,12,139
Almora,Ranikhet,TARIKHET,NAUGAON2,13,1,1,15
Almora,Ranikhet,TARIKHET,NAUGHAR,46,7,3,56
Almora,Ranikhet,TARIKHET,PAJINA,48,7,1,56
Almora,Ranikhet,TARIKHET,PAKHURA,17,9,6,32
Almora,Ranikhet,TARIKHET,PALINADOLI,20,4,2,26
Almora,Ranikhet,TARIKHET,PANDEKOTA,27,24,9,60
Almora,Ranikhet,TARIKHET,PANTKOTULI,51,20,6,77
Almora,Ranikhet,TARIKHET,PAPDA,40,17,5,62
Almora,Ranikhet,TARIKHET,PAPNEKOTHAR,92,23,6,121
Almora,Ranikhet,TARIKHET,PASTORAWAR,39,21,11,71
Almora,Ranikhet,TARIKHET,PILKHOLI,64,17,18,99
Almora,Ranikhet,TARIKHET,PIPALI,34,10,9,53
Almora,Ranikhet,TARIKHET,POKHARI,45,2,8,55
Almora,Ranikhet,TARIKHET,RATGAL,25,5,4,34
Almora,Ranikhet,TARIKHET,SAGNETI,80,18,8,106
Almora,Ranikhet,TARIKHET,SAINRI,21,5,1,27
Almora,Ranikhet,TARIKHET,SAJGODI,24,9,4,37
Almora,Ranikhet,TARIKHET,SAKHOLA,30,12,6,48
Almora,Ranikhet,TARIKHET,SALONI,28,15,6,49
Almora,Ranikhet,TARIKHET,SARNA,43,6,5,54
Almora,Ranikhet,TARIKHET,SAROLI,17,6,2,25
Almora,Ranikhet,TARIKHET,SAULA-I,44,11,2,57
Almora,Ranikhet,TARIKHET,SAULA-II,46,5,8,59
Almora,Ranikhet,TARIKHET,SAUNI,59,18,9,86
Almora,Ranikhet,TARIKHET,SAYUN MALLA,36,24,6,66
Almora,Ranikhet,TARIKHET,SHILANGI,54,14,5,73
Almora,Ranikhet,TARIKHET,SIMALDHAR,33,6,3,42
Almora,Ranikhet,TARIKHET,SIMOLI,42,20,8,70
Almora,Ranikhet,TARIKHET,SIWALI,38,6,5,49
Almora,Ranikhet,TARIKHET,SUNIAKOT,47,8,9,64
Almora,Ranikhet,TARIKHET,SURI,75,20,12,107
Almora,Ranikhet,TARIKHET,TADSWAD,22,10,3,35
Almora,Ranikhet,TARIKHET,TANA,53,6,11,70
Almora,Ranikhet,TARIKHET,TANAPANYALI,16,3,3,22
Almora,Ranikhet,TARIKHET,TARIJYULI,45,12,3,60
Almora,Ranikhet,TARIKHET,TARIKHET,25,30,9,64
Almora,Ranikhet,TARIKHET,TAURA,17,11,1,29
Almora,Ranikhet,TARIKHET,THAKULADI,25,7,3,35
Almora,Ranikhet,TARIKHET,TIMILA,40,8,2,50
Almora,Ranikhet,TARIKHET,TIPOLA,44,14,2,60
Almora,Ranikhet,TARIKHET,TUNAKOT,51,16,,67
Almora,Ranikhet,TARIKHET,UNI,46,19,3,68
Almora,Ranikhet,TARIKHET,UPARADI,46,28,7,81
Almora,Ranikhet,TARIKHET,VALNA,57,27,5,89
Almora,Ranikhet,TARIKHET,VISHALKOT,52,26,8,86
Almora,Salt,BHIKIASAIN,BAGADWAR,,,,0
Almora,Salt,BHIKIASAIN,BARIKOT,1,,,1
Almora,Salt,BHIKIASAIN,BAULI,,,,0
Almora,Salt,BHIKIASAIN,INAULI,,,,0
Almora,Salt,BHIKIASAIN,INDA,,,,0
Almora,Salt,BHIKIASAIN,KOTIYAG,,,,0
Almora,Salt,BHIKIASAIN,MATELA,,,,0
Almora,Salt,BHIKIASAIN,NAUGAON,,,,0
Almora,Salt,BHIKIASAIN,SAINSERA,1,,,1
Almora,Salt,BHIKIASAIN,SEEM,,,,0
Almora,Salt,BHIKIASAIN,SOONI,,,,0
Almora,Salt,BHIKIASAIN,THAPLA,,,,0
Almora,Salt,BHIKIASAIN,THIRAULI,,,,0
Almora,Salt,SULT,AASUTALE,43,6,3,52
Almora,Salt,SULT,ACHHARAUN,45,27,4,76
Almora,Salt,SULT,AJOLITALLI,58,17,5,80
Almora,Salt,SULT,AJOTIMALLI,41,16,2,59
Almora,Salt,SULT,BADKOTA,34,10,9,53
Almora,Salt,SULT,BAMANGAON,28,10,2,40
Almora,Salt,SULT,BAMAURA,48,4,5,57
Almora,Salt,SULT,BARAHLIA,39,23,6,68
Almora,Salt,SULT,BARAIT,25,14,2,41
Almora,Salt,SULT,BARKINDA,19,11,,30
Almora,Salt,SULT,BASEDI BASNAL,40,6,1,47
Almora,Salt,SULT,BASERABAGAD,26,10,4,40
Almora,Salt,SULT,BAUDMALLA,77,27,4,108
Almora,Salt,SULT,BAUDTALLA,42,27,4,73
Almora,Salt,SULT,BHAISKHET,9,9,1,19
Almora,Salt,SULT,BHAKARAKOT,31,10,2,43
Almora,Salt,SULT,BHAUNDANDA,79,24,10,113
Almora,Salt,SULT,BHAWALI,21,10,1,32
Almora,Salt,SULT,BHINE,32,13,3,48
Almora,Salt,SULT,BHITAKOT,32,9,,41
Almora,Salt,SULT,BHIYADI,94,27,12,133
Almora,Salt,SULT,BINAULI,46,16,5,67
Almora,Salt,SULT,BIRAL GAON,41,16,4,61
Almora,Salt,SULT,BODAKOT,61,15,7,83
Almora,Salt,SULT,BUNGIDHAR,27,2,2,31
Almora,Salt,SULT,CHAMAKANA,68,20,2,90
Almora,Salt,SULT,CHAMKANA ADHE,16,11,1,28
Almora,Salt,SULT,CHANCH,48,13,1,62
Almora,Salt,SULT,CHARIKYARI,100,17,12,129
Almora,Salt,SULT,CHAUNA,16,17,2,35
Almora,Salt,SULT,DABHARA,45,19,8,72
Almora,Salt,SULT,DABHARA SAURAL,65,37,3,105
Almora,Salt,SULT,DADHARIYA,56,16,5,77
Almora,Salt,SULT,DADHOLI,37,13,3,53
Almora,Salt,SULT,DANG,59,16,10,85
Almora,Salt,SULT,DANGULA,21,12,2,35
Almora,Salt,SULT,DANYURA,25,10,6,41
Almora,Salt,SULT,DARIMI,17,6,1,24
Almora,Salt,SULT,DEVAYAL,59,13,10,82
Almora,Salt,SULT,DHUNGAMOHAN,23,13,7,43
Almora,Salt,SULT,DHYORADI,16,4,1,21
Almora,Salt,SULT,DUGOLI,31,7,1,39
Almora,Salt,SULT,DUNGRA,49,11,4,64
Almora,Salt,SULT,DUNGRA (NAYA),5,3,,8
Almora,Salt,SULT,DUNGRI,42,22,1,65
Almora,Salt,SULT,DYONA,36,21,6,63
Almora,Salt,SULT,GADKOT MALLA,41,22,7,70
Almora,Salt,SULT,GAHANTIMLE,25,8,,33
Almora,Salt,SULT,GARKOT TALLA,38,2,1,41
Almora,Salt,SULT,GETHIYA,30,12,6,48
Almora,Salt,SULT,GHACHKOT,53,33,4,90
Almora,Salt,SULT,GHAGHLI,9,8,,17
Almora,Salt,SULT,GULAR,46,12,2,60
Almora,Salt,SULT,HARADATADIYAL,34,17,6,57
Almora,Salt,SULT,HARDA MAULEKHI,65,12,4,81
Almora,Salt,SULT,INLO,21,14,2,37
Almora,Salt,SULT,JAKH,118,47,11,176
Almora,Salt,SULT,JALIKHAN,32,22,3,57
Almora,Salt,SULT,JAMRIA,27,9,5,41
Almora,Salt,SULT,JASPUR TALLA,33,13,2,48
Almora,Salt,SULT,JASPURKOT,21,7,3,31
Almora,Salt,SULT,JHADGAON,48,11,3,62
Almora,Salt,SULT,JHEEPA,33,12,,45
Almora,Salt,SULT,JHIMAR,46,20,6,72
Almora,Salt,SULT,JIHAR,52,12,2,66
Almora,Salt,SULT,KAFALTA,65,19,1,85
Almora,Salt,SULT,KALIGAAR,36,8,3,47
Almora,Salt,SULT,KALIGAON,22,8,3,33
Almora,Salt,SULT,KANEKHALPATI,76,25,7,108
Almora,Salt,SULT,KANGADI,15,13,3,31
Almora,Salt,SULT,KARGET,44,13,6,63
Almora,Salt,SULT,KATRIYA,55,16,5,76
Almora,Salt,SULT,KHALYO,43,9,3,55
Almora,Salt,SULT,KHATAL GAON,42,19,8,69
Almora,Salt,SULT,KHATOLI,25,15,3,43
Almora,Salt,SULT,KHOLIYO KYARI,36,11,6,53
Almora,Salt,SULT,KHUMAD,80,34,10,124
Almora,Salt,SULT,KOOPI,27,3,2,32
Almora,Salt,SULT,KOTACHAMI,44,12,5,61
Almora,Salt,SULT,KOTALI MALLI,69,17,2,88
Almora,Salt,SULT,KOTALI TALLI,54,5,2,61
Almora,Salt,SULT,KOTHALGAON,38,20,2,60
Almora,Salt,SULT,KUNHIL SYOTARI,30,12,3,45
Almora,Salt,SULT,KUNIDHAR,67,29,5,101
Almora,Salt,SULT,LUHEDA,47,11,4,62
Almora,Salt,SULT,MACHHOR,71,17,7,95
Almora,Salt,SULT,MAGARO,50,25,3,78
Almora,Salt,SULT,MAINAKOT,55,26,2,83
Almora,Salt,SULT,MAITHANI,65,14,3,82
Almora,Salt,SULT,MAJGAON KANERA,22,9,4,35
Almora,Salt,SULT,MALIHARI,13,4,,17
Almora,Salt,SULT,MANHAIT,27,8,2,37
Almora,Salt,SULT,MANILA,12,3,1,16
Almora,Salt,SULT,MANULI,19,8,3,30
Almora,Salt,SULT,MASDIYA BANJ,32,6,3,41
Almora,Salt,SULT,MAULEKH,15,2,4,21
Almora,Salt,SULT,MAWALGAON,40,9,,49
Almora,Salt,SULT,MUNADA,33,4,,37
Almora,Salt,SULT,MUSAULI,15,5,1,21
Almora,Salt,SULT,NADOLI,39,19,3,61
Almora,Salt,SULT,NAGCHULA,46,16,3,65
Almora,Salt,SULT,NAGTALE,26,9,3,38
Almora,Salt,SULT,NAIKANA,43,27,7,77
Almora,Salt,SULT,NAINWALPALI,27,11,1,39
Almora,Salt,SULT,NANADKOTA,35,11,3,49
Almora,Salt,SULT,NEWALGAON -1,59,24,1,84
Almora,Salt,SULT,NEWALGAON-2,32,8,4,44
Almora,Salt,SULT,PAINSIYA,28,12,3,43
Almora,Salt,SULT,PANUWADHOKHAN,127,37,18,182
Almora,Salt,SULT,PATIACHAURA,41,8,,49
Almora,Salt,SULT,PINAKOT,75,21,2,98
Almora,Salt,SULT,PIPANA,44,11,1,56
Almora,Salt,SULT,POKHARI MALLI,64,19,4,87
Almora,Salt,SULT,POKHARI TALLI,37,12,5,54
Almora,Salt,SULT,PUNAKOT,32,17,7,56
Almora,Salt,SULT,PURIYA CHAURA,10,13,1,24
Almora,Salt,SULT,RAGADGAD,23,8,3,34
Almora,Salt,SULT,RANKOONA,40,13,1,54
Almora,Salt,SULT,RANTHAMAL,55,33,4,92
Almora,Salt,SULT,RIKWASI,58,14,4,76
Almora,Salt,SULT,RIWALI PALLI,42,15,,57
Almora,Salt,SULT,SABOLI RAUTELA,23,11,3,37
Almora,Salt,SULT,SAINMANUR,56,17,8,81
Almora,Salt,SULT,SAKANADA,43,15,4,62
Almora,Salt,SULT,SARUD,17,4,2,23
Almora,Salt,SULT,SAUKHATI,38,15,1,54
Almora,Salt,SULT,SEEMARISTINA,29,12,2,43
Almora,Salt,SULT,SYAHILAID,33,11,5,49
Almora,Salt,SULT,TARADI,57,19,6,82
Almora,Salt,SULT,TARAM,135,58,12,205
Almora,Salt,SULT,TARITUKNAULI,46,14,4,64
Almora,Salt,SULT,TAYA,66,20,11,97
Almora,Salt,SULT,THALA TADIYAL,63,10,3,76
Almora,Salt,SULT,THALMAD,23,4,3,30
Almora,Salt,SULT,THALTARAD,102,17,6,125
Almora,Salt,SULT,TITOLI,20,9,,29
Almora,Salt,SULT,TOLYUN,54,10,2,66
Almora,Salt,SULT,TOTAM,35,11,1,47
Almora,Salt,SULT,UJRAD,37,16,1,54
Almora,Salt,SYALDEY,AFAON,1,1,1,3
Almora,Salt,SYALDEY,ARADI BISHT,24,1,3,28
Almora,Salt,SYALDEY,ARADI RAJWAR,1,,,1
Almora,Salt,SYALDEY,BABLIA,1,3,,4
Almora,Salt,SYALDEY,BARANGAL,,,,0
Almora,Salt,SYALDEY,BAWADI KICHAR,9,1,2,12
Almora,Salt,SYALDEY,BISARKHET,18,,,18
Almora,Salt,SYALDEY,BURUSPANI,11,7,3,21
Almora,Salt,SYALDEY,CHACK KELANI,1,,1,2
Almora,Salt,SYALDEY,CHAKAR GAON,22,2,3,27
Almora,Salt,SYALDEY,CHANTHARKHANI,1,,,1
Almora,Salt,SYALDEY,CHICHAON,14,2,,16
Almora,Salt,SYALDEY,DUDHORIBIRKHAL,13,,2,15
Almora,Salt,SYALDEY,DUNGARI,2,,,2
Almora,Salt,SYALDEY,GAJAR,4,,3,7
Almora,Salt,SYALDEY,GHANYAL,16,1,,17
Almora,Salt,SYALDEY,GOGANYAN VASISEEM,19,3,1,23
Almora,Salt,SYALDEY,GUDLEKH,14,4,1,19
Almora,Salt,SYALDEY,GUMTI,7,,1,8
Almora,Salt,SYALDEY,GWALI,6,,,6
Almora,Salt,SYALDEY,IKKURAULA,30,6,1,37
Almora,Salt,SYALDEY,JAIKHAL,,,,0
Almora,Salt,SYALDEY,JASPUR,,,,0
Almora,Salt,SYALDEY,JUNIA,13,,3,16
Almora,Salt,SYALDEY,KAFAL GAON,44,2,1,47
Almora,Salt,SYALDEY,KALJHIPA JOSHI,,,,0
Almora,Salt,SYALDEY,KALJHIPA RAJWAR,11,3,1,15
Almora,Salt,SYALDEY,KANARITHAUD,20,,,20
Almora,Salt,SYALDEY,KHARKU BHANARIA,6,3,,9
Almora,Salt,SYALDEY,KHATALGAON,2,3,,5
Almora,Salt,SYALDEY,KULANTESWAR,5,,2,7
Almora,Salt,SYALDEY,KUSIACHAUN,19,3,,22
Almora,Salt,SYALDEY,MAGRUKHAL,22,3,9,34
Almora,Salt,SYALDEY,MAHAROLI MALLI,21,3,2,26
Almora,Salt,SYALDEY,MAHAROLI TALLI,3,,,3
Almora,Salt,SYALDEY,MASMOLI,14,2,1,17
Almora,Salt,SYALDEY,MATKHANI,32,8,10,50
Almora,Salt,SYALDEY,METALA MALLA,1,,,1
Almora,Salt,SYALDEY,MUNANI,,,,0
Almora,Salt,SYALDEY,NAIL,32,5,2,39
Almora,Salt,SYALDEY,NAUGAON,4,3,,7
Almora,Salt,SYALDEY,OKHALYON,2,,,2
Almora,Salt,SYALDEY,ROTAPANI,,,,0
Almora,Salt,SYALDEY,RUDHOLI,23,3,3,29
Almora,Salt,SYALDEY,SARAIKHET,66,8,7,81
Almora,Salt,SYALDEY,SIMGAON,12,,,12
Almora,Salt,SYALDEY,SYALDE BLANK,23,2,,25
Almora,Salt,SYALDEY,TOLBUDHANI,4,1,2,7
Almora,Salt,TARIKHET,BAINA-I,,,,0
Almora,Salt,TARIKHET,KARAKOT,,,,0
Almora,Salt,TARIKHET,NAUBA,1,,,1
Almora,Salt,TARIKHET,PAPNEKOTHAR,,,,0
Almora,Salt,TARIKHET,SAJGODI,1,,,1
Almora,Someshwar,HAWALBAG,BADYUDA,34,3,1,38
Almora,Someshwar,HAWALBAG,BALSA,4,,2,6
Almora,Someshwar,HAWALBAG,BEH,17,3,3,23
Almora,Someshwar,HAWALBAG,BHAATGAADMAAFI,8,,,8
Almora,Someshwar,HAWALBAG,BHANARAGAON,6,,2,8
Almora,Someshwar,HAWALBAG,BHATNAYALJULA,22,4,2,28
Almora,Someshwar,HAWALBAG,DARIMKHOLA,8,1,,9
Almora,Someshwar,HAWALBAG,GWALKOT,23,3,2,28
Almora,Someshwar,HAWALBAG,JYULA,14,5,2,21
Almora,Someshwar,HAWALBAG,KANALBUNGA,28,,2,30
Almora,Someshwar,HAWALBAG,KASUN,,,,0
Almora,Someshwar,HAWALBAG,MAIGDI,18,,,18
Almora,Someshwar,HAWALBAG,MANAO,,,,0
Almora,Someshwar,HAWALBAG,MEHALA,12,,1,13
Almora,Someshwar,HAWALBAG,NAINOLI,15,2,2,19
Almora,Someshwar,HAWALBAG,PILKHA,,,,0
Almora,Someshwar,HAWALBAG,POKHARI,35,6,1,42
Almora,Someshwar,HAWALBAG,RANKHILA,,,,0
Almora,Someshwar,HAWALBAG,SAKAR,11,2,,13
Almora,Someshwar,HAWALBAG,SAKNIYAKOT,13,,1,14
Almora,Someshwar,HAWALBAG,SYUNARAKOT,16,4,,20
Almora,Someshwar,HAWALBAG,THAPANIYA,33,4,6,43
Almora,Someshwar,HAWALBAG,TILAURA,25,1,3,29
Almora,Someshwar,HAWALBAG,USKONA,5,,3,8
Almora,Someshwar,TAKULA,ADHURIYA,31,7,2,40
Almora,Someshwar,TAKULA,AGAR RAULKUDI,31,18,8,57
Almora,Someshwar,TAKULA,AIROLI,,,,0
Almora,Someshwar,TAKULA,AJHORA,40,28,8,76
Almora,Someshwar,TAKULA,AMKHOLI,7,7,1,15
Almora,Someshwar,TAKULA,ARJUNRATH,43,16,7,66
Almora,Someshwar,TAKULA,BACHHURADI,72,15,4,91
Almora,Someshwar,TAKULA,BADGAON,35,16,4,55
Almora,Someshwar,TAKULA,BAIGANIA,33,17,4,54
Almora,Someshwar,TAKULA,BAJEL,47,17,16,80
Almora,Someshwar,TAKULA,BALE,71,27,15,113
Almora,Someshwar,TAKULA,BAMANIGAR,22,13,8,43
Almora,Someshwar,TAKULA,BANAUDA,28,16,3,47
Almora,Someshwar,TAKULA,BASOLI,6,9,1,16
Almora,Someshwar,TAKULA,BAYALAKHALSA,55,28,10,93
Almora,Someshwar,TAKULA,BHAISADGAON,34,18,6,58
Almora,Someshwar,TAKULA,BHAISORI,15,5,,20
Almora,Someshwar,TAKULA,BHAKUNA,14,20,5,39
Almora,Someshwar,TAKULA,BHANARATH,22,3,5,30
Almora,Someshwar,TAKULA,BHATTGAON,1,6,,7
Almora,Someshwar,TAKULA,BHAVRI,24,12,12,48
Almora,Someshwar,TAKULA,BHETA,44,19,4,67
Almora,Someshwar,TAKULA,BUNGA,53,29,6,88
Almora,Someshwar,TAKULA,CHANAULI,30,13,3,46
Almora,Someshwar,TAKULA,CHAURA,48,24,8,80
Almora,Someshwar,TAKULA,CHHANILWESAL,118,50,26,194
Almora,Someshwar,TAKULA,DAUNI,54,12,6,72
Almora,Someshwar,TAKULA,DHAULARA,34,19,19,72
Almora,Someshwar,TAKULA,DIGRA,43,27,10,80
Almora,Someshwar,TAKULA,DOTIYALGAON,12,23,9,44
Almora,Someshwar,TAKULA,DUMADGAON,42,16,4,62
Almora,Someshwar,TAKULA,GOLNE,22,7,4,33
Almora,Someshwar,TAKULA,GURUDA,74,40,6,120
Almora,Someshwar,TAKULA,JAICHOLI,40,21,4,65
Almora,Someshwar,TAKULA,JAKHASAUD,4,4,2,10
Almora,Someshwar,TAKULA,JALDHAULAR,31,13,2,46
Almora,Someshwar,TAKULA,JEETAP,32,7,5,44
Almora,Someshwar,TAKULA,JHIJHAD,11,7,2,20
Almora,Someshwar,TAKULA,KAKRAR,32,8,12,52
Almora,Someshwar,TAKULA,KANDEY,23,20,7,50
Almora,Someshwar,TAKULA,KANTLI,72,31,11,114
Almora,Someshwar,TAKULA,KHARISUNAR,35,21,6,62
Almora,Someshwar,TAKULA,KHIRAKOT,73,33,7,113
Almora,Someshwar,TAKULA,KIRADA,5,2,3,10
Almora,Someshwar,TAKULA,LADYUDA,53,24,11,88
Almora,Someshwar,TAKULA,LAKHANADI,62,35,19,116
Almora,Someshwar,TAKULA,LOD,31,12,5,48
Almora,Someshwar,TAKULA,MAJHERAMAFI,12,5,5,22
Almora,Someshwar,TAKULA,MALA,52,25,11,88
Almora,Someshwar,TAKULA,MALAUNJ,36,14,3,53
Almora,Someshwar,TAKULA,MALLAKHOLI,25,25,8,58
Almora,Someshwar,TAKULA,MAVE,23,6,5,34
Almora,Someshwar,TAKULA,NAIDHOL,12,8,5,25
Almora,Someshwar,TAKULA,NAIKANA,27,8,1,36
Almora,Someshwar,TAKULA,NAKOT,54,13,7,74
Almora,Someshwar,TAKULA,NIRAI,32,14,10,56
Almora,Someshwar,TAKULA,OLIAGAON,3,,3,6
Almora,Someshwar,TAKULA,PACHCHISI,44,25,8,77
Almora,Someshwar,TAKULA,PADOLIA,63,21,13,97
Almora,Someshwar,TAKULA,PALYUDA,43,39,10,92
Almora,Someshwar,TAKULA,PAYAN,31,16,6,53
Almora,Someshwar,TAKULA,POKHARI,18,6,1,25
Almora,Someshwar,TAKULA,QWERALI,43,26,7,76
Almora,Someshwar,TAKULA,RAIT,19,18,7,44
Almora,Someshwar,TAKULA,RAMELA DUNGRI,33,16,6,55
Almora,Someshwar,TAKULA,RASYARAGAON,31,21,5,57
Almora,Someshwar,TAKULA,ROLYANAGUNTH,68,19,10,97
Almora,Someshwar,TAKULA,SATRASI ARADIYA,44,14,8,66
Almora,Someshwar,TAKULA,SHAIL,33,27,5,65
Almora,Someshwar,TAKULA,SIMKHOLA,43,11,9,63
Almora,Someshwar,TAKULA,SONKOTALI,21,13,8,42
Almora,Someshwar,TAKULA,SUNADI,56,24,14,94
Almora,Someshwar,TAKULA,SUNOLI,37,28,3,68
Almora,Someshwar,TAKULA,SUPAKOT,29,26,13,68
Almora,Someshwar,TAKULA,TAKULA BLANK,11,5,3,19
Almora,Someshwar,TAKULA,TANA SAJOLI,41,22,17,80
Almora,Someshwar,TAKULA,TITAKOT,19,9,6,34
Almora,Someshwar,TAKULA,UTRAURA GHURDAURA,46,13,6,65
